"Path","Name","Folder","Type","Length"
"ARCHITECTURE_OVERVIEW.md","ARCHITECTURE_OVERVIEW.md","docs","overview","18906"
"DEPLOYMENT_OVERVIEW.md","DEPLOYMENT_OVERVIEW.md","docs","overview","15188"
"DOCUMENTATION_INDEX.md","DOCUMENTATION_INDEX.md","docs","other","12746"
"FEATURE_OVERVIEW.md","FEATURE_OVERVIEW.md","docs","overview","12981"
"INTERVIEW_TALKING_POINTS.md","INTERVIEW_TALKING_POINTS.md","docs","interview","14967"
"PROFESSIONAL_ROADMAP.md","PROFESSIONAL_ROADMAP.md","docs","roadmap","10992"
"PROJECT_STATUS.md","PROJECT_STATUS.md","docs","status","9630"
"SECURITY_OVERVIEW.md","SECURITY_OVERVIEW.md","docs","overview","19729"
"sprint-100-universal-operational-dashboard-certification.md","sprint-100-universal-operational-dashboard-certification.md","docs","sprint","5861"
"sprint-101-universal-operational-lifecycle-orchestrator-certification.md","sprint-101-universal-operational-lifecycle-orchestrator-certification.md","docs","sprint","8330"
"sprint-102-dispatches-production-capability-certification.md","sprint-102-dispatches-production-capability-certification.md","docs","sprint","11467"
"sprint-103-inventory-operational-experience-certification.md","sprint-103-inventory-operational-experience-certification.md","docs","sprint","10992"
"sprint-104-production-operational-experience-certification.md","sprint-104-production-operational-experience-certification.md","docs","sprint","9903"
"sprint-105-reception-operational-experience-certification.md","sprint-105-reception-operational-experience-certification.md","docs","sprint","7633"
"sprint-106-operational-capability-governance-certification.md","sprint-106-operational-capability-governance-certification.md","docs","sprint","10695"
"sprint-107-operational-business-flow-certification.md","sprint-107-operational-business-flow-certification.md","docs","sprint","8312"
"sprint-108-dispatch-traceability-mvp.md","sprint-108-dispatch-traceability-mvp.md","docs","sprint","8379"
"sprint-109-traceability-workspace.md","sprint-109-traceability-workspace.md","docs","sprint","6852"
"sprint-110-data-completion.md","sprint-110-data-completion.md","docs","sprint","6299"
"sprint-112-product-master.md","sprint-112-product-master.md","docs","sprint","5375"
"sprint-113-dispatch-traceability-operational-activation.md","sprint-113-dispatch-traceability-operational-activation.md","docs","sprint","7523"
"sprint-114-persistence-and-responsive-hardening.md","sprint-114-persistence-and-responsive-hardening.md","docs","sprint","4830"
"sprint-115-synchronization-and-rendering-certification.md","sprint-115-synchronization-and-rendering-certification.md","docs","sprint","5751"
"sprint-116-workspace-ux-optimization.md","sprint-116-workspace-ux-optimization.md","docs","sprint","4770"
"sprint-117-opmodel-discovery-audit.md","sprint-117-opmodel-discovery-audit.md","docs","sprint","16186"
"sprint-118-import-pipeline-hardening.md","sprint-118-import-pipeline-hardening.md","docs","sprint","6667"
"sprint-119-universal-document-operational-mapping-layer.md","sprint-119-universal-document-operational-mapping-layer.md","docs","sprint","7712"
"sprint-121-universal-document-segmentation-layer-certification.md","sprint-121-universal-document-segmentation-layer-certification.md","docs","sprint","4559"
"sprint-122-universal-operational-relationship-resolver-certification.md","sprint-122-universal-operational-relationship-resolver-certification.md","docs","sprint","4956"
"sprint-123-universal-import-pipeline-diagnostics-and-observability-certification.md","sprint-123-universal-import-pipeline-diagnostics-and-observability-certification.md","docs","sprint","4191"
"sprint-124-universal-document-pattern-recognition-layer-certification.md","sprint-124-universal-document-pattern-recognition-layer-certification.md","docs","sprint","11579"
"sprint-125-universal-document-anatomy-and-operational-intelligence-layer-certification.md","sprint-125-universal-document-anatomy-and-operational-intelligence-layer-certification.md","docs","sprint","14805"
"sprint-126-universal-import-system-architectural-audit-and-simplification-certification.md","sprint-126-universal-import-system-architectural-audit-and-simplification-certification.md","docs","sprint","21820"
"sprint-127-universal-import-system-architectural-consolidation-certification.md","sprint-127-universal-import-system-architectural-consolidation-certification.md","docs","sprint","9691"
"sprint-128-business-document-structure-engine-certification.md","sprint-128-business-document-structure-engine-certification.md","docs","sprint","8521"
"sprint-131-persistence-contract-alignment-certification.md","sprint-131-persistence-contract-alignment-certification.md","docs","sprint","6443"
"sprint-131.2-persistence-boundary-recovery-certification.md","sprint-131.2-persistence-boundary-recovery-certification.md","docs","sprint","7932"
"sprint-131.3-operational-default-values-resolution-layer-certification.md","sprint-131.3-operational-default-values-resolution-layer-certification.md","docs","sprint","6901"
"sprint-131.4-operational-defaults-rules-refinement-certification.md","sprint-131.4-operational-defaults-rules-refinement-certification.md","docs","sprint","5071"
"sprint-131.5-operational-lot-resolution-engine-certification.md","sprint-131.5-operational-lot-resolution-engine-certification.md","docs","sprint","4445"
"sprint-131.6-traceable-products-lot-assignment-rules-certification.md","sprint-131.6-traceable-products-lot-assignment-rules-certification.md","docs","sprint","4169"
"sprint-131.7-optional-lot-persistence-contract-certification.md","sprint-131.7-optional-lot-persistence-contract-certification.md","docs","sprint","3508"
"sprint-131.8-universal-lot-recognition-normalization-rules-certification.md","sprint-131.8-universal-lot-recognition-normalization-rules-certification.md","docs","sprint","4409"
"sprint-131.9-operational-intelligence-completion-layer-certification.md","sprint-131.9-operational-intelligence-completion-layer-certification.md","docs","sprint","4910"
"sprint-132-runtime-record-lifecycle-governance-audit.md","sprint-132-runtime-record-lifecycle-governance-audit.md","docs","sprint","19055"
"sprint-132.1-operational-record-actions-governance-audit.md","sprint-132.1-operational-record-actions-governance-audit.md","docs","sprint","18516"
"sprint-132.1A-operational-runtime-governance-lifecycle-semantics-audit.md","sprint-132.1A-operational-runtime-governance-lifecycle-semantics-audit.md","docs","sprint","42701"
"sprint-132.1b-delete-pipeline-performance-audit.md","sprint-132.1b-delete-pipeline-performance-audit.md","docs","sprint","17297"
"sprint-132.1c-persistence-layer-bulk-operations-governance.md","sprint-132.1c-persistence-layer-bulk-operations-governance.md","docs","sprint","19406"
"sprint-132.1d-universal-bulk-operations-certification.md","sprint-132.1d-universal-bulk-operations-certification.md","docs","sprint","6677"
"sprint-132.2-universal-pagination-certification.md","sprint-132.2-universal-pagination-certification.md","docs","sprint","5402"
"sprint-132.2a-import-pipeline-audit-certification.md","sprint-132.2a-import-pipeline-audit-certification.md","docs","sprint","13814"
"sprint-132.3-dispatch-lot-resolution-pdf-evidence-audit.md","sprint-132.3-dispatch-lot-resolution-pdf-evidence-audit.md","docs","sprint","30897"
"sprint-132.4-dispatch-lot-resolution-ssot-unification-certification.md","sprint-132.4-dispatch-lot-resolution-ssot-unification-certification.md","docs","sprint","13521"
"sprint-132.5-dispatch-lot-runtime-rendering-traceability-certification.md","sprint-132.5-dispatch-lot-runtime-rendering-traceability-certification.md","docs","sprint","17341"
"sprint-132.6-universal-operational-runtime-action-visibility-responsive-ux-certification.md","sprint-132.6-universal-operational-runtime-action-visibility-responsive-ux-certification.md","docs","sprint","9391"
"sprint-132.7-configuration-workspace-performance-audit-certification.md","sprint-132.7-configuration-workspace-performance-audit-certification.md","docs","sprint","8822"
"sprint-132.8-configuration-workspace-performance-optimization-certification.md","sprint-132.8-configuration-workspace-performance-optimization-certification.md","docs","sprint","9245"
"sprint-132.9-module-workspace-performance-audit-certification.md","sprint-132.9-module-workspace-performance-audit-certification.md","docs","sprint","21524"
"sprint-133.0-module-workspace-lightweight-read-pipeline-certification.md","sprint-133.0-module-workspace-lightweight-read-pipeline-certification.md","docs","sprint","12977"
"sprint-134.0-operational-intelligence-dashboard-architecture-certification.md","sprint-134.0-operational-intelligence-dashboard-architecture-certification.md","docs","sprint","29535"
"sprint-135.0-sgcdm-product-vision-operational-intelligence-core-certification.md","sprint-135.0-sgcdm-product-vision-operational-intelligence-core-certification.md","docs","sprint","34687"
"sprint-136.0-periodicity-layer-core-operational-capability-certification.md","sprint-136.0-periodicity-layer-core-operational-capability-certification.md","docs","sprint","14626"
"sprint-137.0-operational-intelligence-center-core-architecture-certification.md","sprint-137.0-operational-intelligence-center-core-architecture-certification.md","docs","sprint","23048"
"sprint-138.0-expiration-engine-core-operational-capability-certification.md","sprint-138.0-expiration-engine-core-operational-capability-certification.md","docs","sprint","25859"
"sprint-138.1-expiration-engine-architectural-governance-addendum.md","sprint-138.1-expiration-engine-architectural-governance-addendum.md","docs","sprint","6730"
"sprint-138.2-expiration-engine-final-architectural-refinements.md","sprint-138.2-expiration-engine-final-architectural-refinements.md","docs","sprint","6815"
"sprint-138.3-expiration-engine-core-governance-closure-addendum.md","sprint-138.3-expiration-engine-core-governance-closure-addendum.md","docs","sprint","5704"
"sprint-138.4-expiration-engine-contracts-policy-layer-governance-certification.md","sprint-138.4-expiration-engine-contracts-policy-layer-governance-certification.md","docs","sprint","10299"
"sprint-138.5-expiration-engine-capability-interface-event-governance-certification.md","sprint-138.5-expiration-engine-capability-interface-event-governance-certification.md","docs","sprint","8421"
"sprint-138.6-expiration-engine-final-core-governance-closure-certification.md","sprint-138.6-expiration-engine-final-core-governance-closure-certification.md","docs","sprint","10551"
"sprint-138.6a-expiration-engine-universal-capability-interface-core-infrastructure-alignment.md","sprint-138.6a-expiration-engine-universal-capability-interface-core-infrastructure-alignment.md","docs","sprint","10948"
"sprint-138.6b-expiration-engine-capability-input-contract-governance-certification.md","sprint-138.6b-expiration-engine-capability-input-contract-governance-certification.md","docs","sprint","4694"
"sprint-139-compliance-engine-core-architecture-certification.md","sprint-139-compliance-engine-core-architecture-certification.md","docs","sprint","9301"
"sprint-139.0a-compliance-engine-domain-model-refinement-certification.md","sprint-139.0a-compliance-engine-domain-model-refinement-certification.md","docs","sprint","7371"
"sprint-139.0b-compliance-engine-evaluation-domain-intelligence-governance-certification.md","sprint-139.0b-compliance-engine-evaluation-domain-intelligence-governance-certification.md","docs","sprint","6832"
"sprint-139.0c-compliance-engine-capability-isolation-input-governance-certification.md","sprint-139.0c-compliance-engine-capability-isolation-input-governance-certification.md","docs","sprint","4798"
"sprint-139.0d-compliance-engine-input-contract-ownership-status-interpretation-governance-certification.md","sprint-139.0d-compliance-engine-input-contract-ownership-status-interpretation-governance-certification.md","docs","sprint","8250"
"sprint-140-indicator-engine-core-architecture-certification.md","sprint-140-indicator-engine-core-architecture-certification.md","docs","sprint","8331"
"sprint-140.0a-indicator-engine-domain-model-refinement-certification.md","sprint-140.0a-indicator-engine-domain-model-refinement-certification.md","docs","sprint","6615"
"sprint-140.0b-indicator-engine-evaluation-domain-intelligence-governance-certification.md","sprint-140.0b-indicator-engine-evaluation-domain-intelligence-governance-certification.md","docs","sprint","4171"
"sprint-140.0c-indicator-engine-capability-isolation-input-governance-certification.md","sprint-140.0c-indicator-engine-capability-isolation-input-governance-certification.md","docs","sprint","5404"
"sprint-140.0d-indicator-engine-input-contract-ownership-status-interpretation-governance-certification.md","sprint-140.0d-indicator-engine-input-contract-ownership-status-interpretation-governance-certification.md","docs","sprint","7078"
"sprint-141-expiration-engine-core-architecture-certification.md","sprint-141-expiration-engine-core-architecture-certification.md","docs","sprint","7845"
"sprint-141.0a-expiration-engine-domain-model-refinement-certification.md","sprint-141.0a-expiration-engine-domain-model-refinement-certification.md","docs","sprint","6424"
"sprint-141.0b-expiration-engine-evaluation-domain-intelligence-governance-certification.md","sprint-141.0b-expiration-engine-evaluation-domain-intelligence-governance-certification.md","docs","sprint","6018"
"sprint-141.0c-expiration-engine-capability-isolation-input-governance-certification.md","sprint-141.0c-expiration-engine-capability-isolation-input-governance-certification.md","docs","sprint","5486"
"sprint-141.0d-expiration-engine-input-contract-ownership-status-interpretation-governance-certification.md","sprint-141.0d-expiration-engine-input-contract-ownership-status-interpretation-governance-certification.md","docs","sprint","7149"
"sprint-142-compliance-engine-core-architecture-certification.md","sprint-142-compliance-engine-core-architecture-certification.md","docs","sprint","8106"
"sprint-142.0a-compliance-engine-domain-model-refinement-certification.md","sprint-142.0a-compliance-engine-domain-model-refinement-certification.md","docs","sprint","6646"
"sprint-142.0c-compliance-engine-capability-isolation-input-governance-certification.md","sprint-142.0c-compliance-engine-capability-isolation-input-governance-certification.md","docs","sprint","5517"
"sprint-142.0c-r1-compliance-engine-governance-closure-alignment-refinement.md","sprint-142.0c-r1-compliance-engine-governance-closure-alignment-refinement.md","docs","sprint","5737"
"sprint-142.0d-compliance-engine-input-contract-ownership-status-interpretation-governance-certification.md","sprint-142.0d-compliance-engine-input-contract-ownership-status-interpretation-governance-certification.md","docs","sprint","7252"
"sprint-142.r1-compliance-engine-conceptual-model-refinement.md","sprint-142.r1-compliance-engine-conceptual-model-refinement.md","docs","sprint","3861"
"sprint-143.0-operational-score-engine-core-architecture-certification.md","sprint-143.0-operational-score-engine-core-architecture-certification.md","docs","sprint","7303"
"sprint-143.0a-operational-score-engine-domain-model-refinement-certification.md","sprint-143.0a-operational-score-engine-domain-model-refinement-certification.md","docs","sprint","6762"
"sprint-143.0b-operational-score-engine-evaluation-model-domain-intelligence-governance-certification.md","sprint-143.0b-operational-score-engine-evaluation-model-domain-intelligence-governance-certification.md","docs","sprint","5570"
"sprint-143.0c-operational-score-engine-capability-isolation-input-governance-certification.md","sprint-143.0c-operational-score-engine-capability-isolation-input-governance-certification.md","docs","sprint","4809"
"sprint-143.0d-operational-score-engine-input-contract-ownership-status-interpretation-governance-certification.md","sprint-143.0d-operational-score-engine-input-contract-ownership-status-interpretation-governance-certification.md","docs","sprint","6305"
"sprint-143.0d-r1-operational-score-engine-governance-closure-alignment-refinement.md","sprint-143.0d-r1-operational-score-engine-governance-closure-alignment-refinement.md","docs","sprint","5079"
"sprint-143.aud-operational-experiences-capability-reuse-audit.md","sprint-143.aud-operational-experiences-capability-reuse-audit.md","docs","sprint","15883"
"sprint-143.r1-operational-score-engine-architectural-consistency-domain-generalization-refinement.md","sprint-143.r1-operational-score-engine-architectural-consistency-domain-generalization-refinement.md","docs","sprint","5313"
"sprint-144.0-alert-capability-core-capability-certification.md","sprint-144.0-alert-capability-core-capability-certification.md","docs","sprint","7520"
"sprint-144.0a-alert-configuration-domain-certification.md","sprint-144.0a-alert-configuration-domain-certification.md","docs","sprint","7239"
"sprint-144.0a-r1-alert-configuration-domain-governance-alignment-refinement.md","sprint-144.0a-r1-alert-configuration-domain-governance-alignment-refinement.md","docs","sprint","5139"
"sprint-144.0a-r2-alert-configuration-representation-contract-boundary-governance.md","sprint-144.0a-r2-alert-configuration-representation-contract-boundary-governance.md","docs","sprint","4131"
"sprint-144.0b-alert-configuration-contracts-certification.md","sprint-144.0b-alert-configuration-contracts-certification.md","docs","sprint","7442"
"sprint-144.0b-r1-alert-configuration-contracts-governance-compatibility-evolution-refinement.md","sprint-144.0b-r1-alert-configuration-contracts-governance-compatibility-evolution-refinement.md","docs","sprint","4857"
"sprint-144.0c-alert-input-contract-certification.md","sprint-144.0c-alert-input-contract-certification.md","docs","sprint","5314"
"sprint-144.0c-r1-alert-input-contract-governance-evolution-boundary-refinement.md","sprint-144.0c-r1-alert-input-contract-governance-evolution-boundary-refinement.md","docs","sprint","4779"
"sprint-144.0d-alert-capability-final-governance-closure.md","sprint-144.0d-alert-capability-final-governance-closure.md","docs","sprint","7729"
"sprint-144.1-alert-evaluation-domain-certification.md","sprint-144.1-alert-evaluation-domain-certification.md","docs","sprint","4841"
"sprint-144.1-r1-alert-evaluation-domain-governance-evolution-intelligence-boundary-refinement.md","sprint-144.1-r1-alert-evaluation-domain-governance-evolution-intelligence-boundary-refinement.md","docs","sprint","4762"
"sprint-144.2-alert-status-domain-certification.md","sprint-144.2-alert-status-domain-certification.md","docs","sprint","6015"
"sprint-144.2-r1-alert-status-domain-governance-evolution-operational-interpretation-refinement.md","sprint-144.2-r1-alert-status-domain-governance-evolution-operational-interpretation-refinement.md","docs","sprint","5295"
"sprint-144.2a-alert-status-contracts-certification.md","sprint-144.2a-alert-status-contracts-certification.md","docs","sprint","7454"
"sprint-144.2a-r1-alert-status-contracts-governance-evolution-representation-boundary-refinement.md","sprint-144.2a-r1-alert-status-contracts-governance-evolution-representation-boundary-refinement.md","docs","sprint","5541"
"sprint-144.3-capability-events-domain-certification.md","sprint-144.3-capability-events-domain-certification.md","docs","sprint","5857"
"sprint-144.3-r1-capability-events-domain-governance-evolution-event-boundary-refinement.md","sprint-144.3-r1-capability-events-domain-governance-evolution-event-boundary-refinement.md","docs","sprint","5365"
"sprint-144.3a-capability-event-contracts-certification.md","sprint-144.3a-capability-event-contracts-certification.md","docs","sprint","7589"
"sprint-144.3a-r1-capability-event-contracts-governance-evolution-representation-boundary-refinement.md","sprint-144.3a-r1-capability-event-contracts-governance-evolution-representation-boundary-refinement.md","docs","sprint","8225"
"sprint-144.4-capability-contracts-certification.md","sprint-144.4-capability-contracts-certification.md","docs","sprint","6531"
"sprint-144.4-r1-capability-contracts-governance-evolution-boundary-refinement.md","sprint-144.4-r1-capability-contracts-governance-evolution-boundary-refinement.md","docs","sprint","8380"
"sprint-144.4-r2-capability-contracts-universal-surface-governance-composition-refinement.md","sprint-144.4-r2-capability-contracts-universal-surface-governance-composition-refinement.md","docs","sprint","7597"
"sprint-144.5-alert-capability-final-architecture-certification.md","sprint-144.5-alert-capability-final-architecture-certification.md","docs","sprint","5830"
"sprint-144.5-r1-alert-capability-final-governance-refinement.md","sprint-144.5-r1-alert-capability-final-governance-refinement.md","docs","sprint","7818"
"sprint-144.6-alert-capability-final-closure-governance-lock-certification.md","sprint-144.6-alert-capability-final-closure-governance-lock-certification.md","docs","sprint","7563"
"sprint-144.6-r1-alert-capability-governance-preservation-architectural-integrity-certification.md","sprint-144.6-r1-alert-capability-governance-preservation-architectural-integrity-certification.md","docs","sprint","7240"
"sprint-144.6-r10-alert-capability-governance-reference-model-universal-capability-standard-certification.md","sprint-144.6-r10-alert-capability-governance-reference-model-universal-capability-standard-certification.md","docs","sprint","7770"
"sprint-144.6-r11-alert-capability-universal-governance-template-capability-replication-certification.md","sprint-144.6-r11-alert-capability-universal-governance-template-capability-replication-certification.md","docs","sprint","6302"
"sprint-144.6-r2-alert-capability-architectural-immutability-future-extension-governance-certification.md","sprint-144.6-r2-alert-capability-architectural-immutability-future-extension-governance-certification.md","docs","sprint","8536"
"sprint-144.6-r3-alert-capability-certified-extension-framework-governance-admission-certification.md","sprint-144.6-r3-alert-capability-certified-extension-framework-governance-admission-certification.md","docs","sprint","7235"
"sprint-144.6-r4-alert-capability-architectural-admission-certified-extension-lifecycle-certification.md","sprint-144.6-r4-alert-capability-architectural-admission-certified-extension-lifecycle-certification.md","docs","sprint","6622"
"sprint-144.6-r5-alert-capability-architectural-authority-extension-admission-governance-certification.md","sprint-144.6-r5-alert-capability-architectural-authority-extension-admission-governance-certification.md","docs","sprint","6268"
"sprint-144.6-r5.1-alert-capability-architectural-authority-hardening-governance-determinism-certification.md","sprint-144.6-r5.1-alert-capability-architectural-authority-hardening-governance-determinism-certification.md","docs","sprint","8776"
"sprint-144.6-r6-alert-capability-governance-constitution-architectural-continuity-certification.md","sprint-144.6-r6-alert-capability-governance-constitution-architectural-continuity-certification.md","docs","sprint","7871"
"sprint-144.6-r7-alert-capability-architectural-maturity-governance-completeness-certification.md","sprint-144.6-r7-alert-capability-architectural-maturity-governance-completeness-certification.md","docs","sprint","7674"
"sprint-144.6-r8-alert-capability-architectural-invariants-governance-enforcement-certification.md","sprint-144.6-r8-alert-capability-architectural-invariants-governance-enforcement-certification.md","docs","sprint","8063"
"sprint-144.6-r9-alert-capability-continuous-governance-validation-architectural-compliance-assurance-certification.md","sprint-144.6-r9-alert-capability-continuous-governance-validation-architectural-compliance-assurance-certification.md","docs","sprint","7841"
"sprint-144.r1-alert-capability-governance-alignment-domain-generalization-refinement.md","sprint-144.r1-alert-capability-governance-alignment-domain-generalization-refinement.md","docs","sprint","6618"
"sprint-145-alert-capability-operational-foundation-certification.md","sprint-145-alert-capability-operational-foundation-certification.md","docs","sprint","4185"
"sprint-146-alert-capability-runtime-activation-governance-certification.md","sprint-146-alert-capability-runtime-activation-governance-certification.md","docs","sprint","4576"
"sprint-147-alert-capability-event-architecture-governance-certification.md","sprint-147-alert-capability-event-architecture-governance-certification.md","docs","sprint","5297"
"sprint-148-alert-capability-decision-engine-governance-certification.md","sprint-148-alert-capability-decision-engine-governance-certification.md","docs","sprint","5024"
"sprint-149-alert-capability-policy-governance-certification.md","sprint-149-alert-capability-policy-governance-certification.md","docs","sprint","4885"
"sprint-150-alert-capability-response-governance-certification.md","sprint-150-alert-capability-response-governance-certification.md","docs","sprint","5978"
"sprint-151-alert-capability-operational-domain-architecture-implementation.md","sprint-151-alert-capability-operational-domain-architecture-implementation.md","docs","sprint","6121"
"sprint-151.1-alert-capability-operational-foundation-refinement-structural-hardening.md","sprint-151.1-alert-capability-operational-foundation-refinement-structural-hardening.md","docs","sprint","6228"
"sprint-152-alert-capability-contract-architecture-implementation.md","sprint-152-alert-capability-contract-architecture-implementation.md","docs","sprint","7296"
"sprint-153-alert-capability-registry-integration-preparation.md","sprint-153-alert-capability-registry-integration-preparation.md","docs","sprint","6170"
"sprint-154-alert-capability-runtime-integration-foundation.md","sprint-154-alert-capability-runtime-integration-foundation.md","docs","sprint","5322"
"sprint-155-alert-capability-event-consumption-foundation.md","sprint-155-alert-capability-event-consumption-foundation.md","docs","sprint","5283"
"sprint-156-alert-capability-decision-context-foundation.md","sprint-156-alert-capability-decision-context-foundation.md","docs","sprint","5162"
"sprint-157-alert-capability-policy-evaluation-foundation.md","sprint-157-alert-capability-policy-evaluation-foundation.md","docs","sprint","6035"
"sprint-158-alert-capability-response-architecture-foundation.md","sprint-158-alert-capability-response-architecture-foundation.md","docs","sprint","6675"
"sprint-159-alert-capability-operational-readiness-consolidation.md","sprint-159-alert-capability-operational-readiness-consolidation.md","docs","sprint","7984"
"sprint-160-alert-capability-activation-governance-foundation.md","sprint-160-alert-capability-activation-governance-foundation.md","docs","sprint","7652"
"sprint-161-alert-capability-registry-registration-foundation.md","sprint-161-alert-capability-registry-registration-foundation.md","docs","sprint","6600"
"sprint-162-alert-capability-architecture-consolidation.md","sprint-162-alert-capability-architecture-consolidation.md","docs","sprint","9951"
"sprint-163-alert-capability-controlled-activation-design.md","sprint-163-alert-capability-controlled-activation-design.md","docs","sprint","8127"
"sprint-164-alert-capability-integration-design-foundation.md","sprint-164-alert-capability-integration-design-foundation.md","docs","sprint","8214"
"sprint-165-alert-capability-ecosystem-architecture-consolidation.md","sprint-165-alert-capability-ecosystem-architecture-consolidation.md","docs","sprint","7690"
"sprint-166-alert-capability-architectural-governance-master-certification.md","sprint-166-alert-capability-architectural-governance-master-certification.md","docs","sprint","7257"
"sprint-167-alert-capability-controlled-activation-implementation.md","sprint-167-alert-capability-controlled-activation-implementation.md","docs","sprint","6816"
"sprint-168-alert-capability-controlled-registry-integration.md","sprint-168-alert-capability-controlled-registry-integration.md","docs","sprint","7038"
"sprint-169-alert-capability-controlled-runtime-exposure.md","sprint-169-alert-capability-controlled-runtime-exposure.md","docs","sprint","7271"
"sprint-169-dashboard-architecture-audit-ux-consolidation.md","sprint-169-dashboard-architecture-audit-ux-consolidation.md","docs","sprint","13643"
"sprint-170-alert-capability-controlled-event-consumption.md","sprint-170-alert-capability-controlled-event-consumption.md","docs","sprint","7629"
"sprint-171-alert-capability-controlled-decision-context.md","sprint-171-alert-capability-controlled-decision-context.md","docs","sprint","8103"
"sprint-172-alert-capability-controlled-policy-evaluation.md","sprint-172-alert-capability-controlled-policy-evaluation.md","docs","sprint","8350"
"sprint-173-alert-capability-controlled-response-preparation.md","sprint-173-alert-capability-controlled-response-preparation.md","docs","sprint","8577"
"sprint-174-alert-capability-operational-integration-completion.md","sprint-174-alert-capability-operational-integration-completion.md","docs","sprint","6422"
"sprint-174b-alert-capability-runtime-integration-module-assignment.md","sprint-174b-alert-capability-runtime-integration-module-assignment.md","docs","sprint","9176"
"sprint-175-alert-capability-operational-rendering-enterprise-activation.md","sprint-175-alert-capability-operational-rendering-enterprise-activation.md","docs","sprint","7810"
"sprint-176-alert-capability-experience-registration-runtime-resolution.md","sprint-176-alert-capability-experience-registration-runtime-resolution.md","docs","sprint","10842"
"sprint-177-alert-capability-experience-exposure-module-configuration.md","sprint-177-alert-capability-experience-exposure-module-configuration.md","docs","sprint","8140"
"sprint-178-alert-capability-dynamic-runtime-binding-renderer-integration.md","sprint-178-alert-capability-dynamic-runtime-binding-renderer-integration.md","docs","sprint","8172"
"sprint-179-alert-capability-enterprise-activation-operational-validation.md","sprint-179-alert-capability-enterprise-activation-operational-validation.md","docs","sprint","10048"
"sprint-180-alert-capability-operational-configuration-runtime-alert-consumption.md","sprint-180-alert-capability-operational-configuration-runtime-alert-consumption.md","docs","sprint","8695"
"sprint-180-alert-capability-operational-configuration-runtime-consumption-audit.md","sprint-180-alert-capability-operational-configuration-runtime-consumption-audit.md","docs","sprint","5776"
"sprint-180-alert-capability-runtime-consumption-layer-operational-renderer-integration.md","sprint-180-alert-capability-runtime-consumption-layer-operational-renderer-integration.md","docs","sprint","9310"
"sprint-180-r-alert-capability-operational-configuration-runtime-consumption-refinement.md","sprint-180-r-alert-capability-operational-configuration-runtime-consumption-refinement.md","docs","sprint","4884"
"sprint-181-alert-capability-operational-visibility-integration.md","sprint-181-alert-capability-operational-visibility-integration.md","docs","sprint","3869"
"sprint-181-alert-capability-operational-workspace-context-navigation.md","sprint-181-alert-capability-operational-workspace-context-navigation.md","docs","sprint","3898"
"sprint-182-alert-capability-operational-workspace-context-navigation.md","sprint-182-alert-capability-operational-workspace-context-navigation.md","docs","sprint","5347"
"sprint-182-r-alert-capability-operational-workspace-refinement.md","sprint-182-r-alert-capability-operational-workspace-refinement.md","docs","sprint","4243"
"sprint-183-alert-capability-level-4-close-out-end-to-end-certification.md","sprint-183-alert-capability-level-4-close-out-end-to-end-certification.md","docs","sprint","8063"
"sprint-184-alert-capability-operational-ui-consumption-finalization.md","sprint-184-alert-capability-operational-ui-consumption-finalization.md","docs","sprint","7726"
"sprint-185-alert-capability-operational-runtime-binding-finalization.md","sprint-185-alert-capability-operational-runtime-binding-finalization.md","docs","sprint","7923"
"sprint-186-alert-capability-operational-resource-integrity-audit.md","sprint-186-alert-capability-operational-resource-integrity-audit.md","docs","sprint","6558"
"sprint-187-alert-capability-operational-navigation-consolidation.md","sprint-187-alert-capability-operational-navigation-consolidation.md","docs","sprint","5071"
"sprint-188-alert-capability-route-resolution-existing-navigation-binding-certification.md","sprint-188-alert-capability-route-resolution-existing-navigation-binding-certification.md","docs","sprint","6373"
"sprint-189-alert-capability-context-navigation-decoupling.md","sprint-189-alert-capability-context-navigation-decoupling.md","docs","sprint","5504"
"sprint-190-dynamic-module-one-shot-navigation-consumption.md","sprint-190-dynamic-module-one-shot-navigation-consumption.md","docs","sprint","5616"
"sprint-191-alert-capability-operational-navigation-state-audit.md","sprint-191-alert-capability-operational-navigation-state-audit.md","docs","sprint","8241"
"sprint-193-dashboard-alert-runtime-performance-audit.md","sprint-193-dashboard-alert-runtime-performance-audit.md","docs","sprint","11862"
"sprint-194-dashboard-runtime-shared-data-consolidation.md","sprint-194-dashboard-runtime-shared-data-consolidation.md","docs","sprint","11898"
"sprint-195-dashboard-runtime-query-consolidation.md","sprint-195-dashboard-runtime-query-consolidation.md","docs","sprint","4990"
"sprint-196-alert-capability-configuration-model-audit.md","sprint-196-alert-capability-configuration-model-audit.md","docs","sprint","12199"
"sprint-197-alert-configuration-metadata-foundation.md","sprint-197-alert-configuration-metadata-foundation.md","docs","sprint","5484"
"sprint-198-alert-configuration-runtime-integration.md","sprint-198-alert-configuration-runtime-integration.md","docs","sprint","5025"
"sprint-198R-alert-configuration-runtime-hardening.md","sprint-198R-alert-configuration-runtime-hardening.md","docs","sprint","4687"
"sprint-198R2-alert-configuration-boundary-certification.md","sprint-198R2-alert-configuration-boundary-certification.md","docs","sprint","4666"
"sprint-198R3-alert-evaluation-extension-point-certification.md","sprint-198R3-alert-evaluation-extension-point-certification.md","docs","sprint","3929"
"sprint-198R4-alert-runtime-evaluation-contract-certification.md","sprint-198R4-alert-runtime-evaluation-contract-certification.md","docs","sprint","5107"
"sprint-198R5-alert-evaluation-strategy-certification.md","sprint-198R5-alert-evaluation-strategy-certification.md","docs","sprint","4894"
"sprint-199-alert-evaluation-engine.md","sprint-199-alert-evaluation-engine.md","docs","sprint","5210"
"sprint-199R-alert-evaluation-policy-layer.md","sprint-199R-alert-evaluation-policy-layer.md","docs","sprint","3298"
"sprint-199R2-alert-evaluation-pipeline-certification.md","sprint-199R2-alert-evaluation-pipeline-certification.md","docs","sprint","4840"
"sprint-199R3-alert-capability-boundary-certification.md","sprint-199R3-alert-capability-boundary-certification.md","docs","sprint","4106"
"sprint-200-consumption-layer-integration.md","sprint-200-consumption-layer-integration.md","docs","sprint","5898"
"sprint-201-alert-configuration-operational-experience.md","sprint-201-alert-configuration-operational-experience.md","docs","sprint","7203"
"sprint-201R-operational-experience-hardening.md","sprint-201R-operational-experience-hardening.md","docs","sprint","6946"
"sprint-201R2-alert-configuration-persistence-boundary-certification.md","sprint-201R2-alert-configuration-persistence-boundary-certification.md","docs","sprint","4386"
"sprint-201R3-alert-operational-experience-architecture-freeze-certification.md","sprint-201R3-alert-operational-experience-architecture-freeze-certification.md","docs","sprint","5515"
"sprint-202-alert-runtime-configuration-wiring-integration.md","sprint-202-alert-runtime-configuration-wiring-integration.md","docs","sprint","3896"
"sprint-202R-runtime-wiring-boundary-certification.md","sprint-202R-runtime-wiring-boundary-certification.md","docs","sprint","2717"
"sprint-202R2-runtime-wiring-architecture-freeze-certification.md","sprint-202R2-runtime-wiring-architecture-freeze-certification.md","docs","sprint","2318"
"sprint-203-runtime-activation-integration.md","sprint-203-runtime-activation-integration.md","docs","sprint","4701"
"sprint-204-workspace-runtime-integration.md","sprint-204-workspace-runtime-integration.md","docs","sprint","4266"
"sprint-204R-workspace-runtime-hardening.md","sprint-204R-workspace-runtime-hardening.md","docs","sprint","4151"
"sprint-205-dashboard-runtime-integration.md","sprint-205-dashboard-runtime-integration.md","docs","sprint","5821"
"sprint-206-notification-activation.md","sprint-206-notification-activation.md","docs","sprint","6149"
"sprint-207-lifecycle-persistence-integration.md","sprint-207-lifecycle-persistence-integration.md","docs","sprint","7365"
"sprint-208-operational-actions-integration.md","sprint-208-operational-actions-integration.md","docs","sprint","7251"
"sprint-209-persistence-dashboard-audit.md","sprint-209-persistence-dashboard-audit.md","docs","sprint","17373"
"sprint-210-runtime-integration-remediation.md","sprint-210-runtime-integration-remediation.md","docs","sprint","7199"
"sprint-211-explicit-alert-enrollment.md","sprint-211-explicit-alert-enrollment.md","docs","sprint","7221"
"sprint-212-dashboard-ux-consolidation.md","sprint-212-dashboard-ux-consolidation.md","docs","sprint","15788"
"sprint-213-dashboard-ux-refactoring.md","sprint-213-dashboard-ux-refactoring.md","docs","sprint","6464"
"sprint-214-dashboard-default-collapsed.md","sprint-214-dashboard-default-collapsed.md","docs","sprint","4142"
"sprint-215-dashboard-search-architecture.md","sprint-215-dashboard-search-architecture.md","docs","sprint","8086"
"sprint-216-dashboard-search-ownership.md","sprint-216-dashboard-search-ownership.md","docs","sprint","5593"
"sprint-217-dashboard-provider-integration-audit.md","sprint-217-dashboard-provider-integration-audit.md","docs","sprint","7845"
"sprint-218-dashboard-search-consumer-extraction.md","sprint-218-dashboard-search-consumer-extraction.md","docs","sprint","2925"
"sprint-219-dashboard-local-search-implementation.md","sprint-219-dashboard-local-search-implementation.md","docs","sprint","3444"
"sprint-220-dashboard-search-results-navigation.md","sprint-220-dashboard-search-results-navigation.md","docs","sprint","2701"
"sprint-221-alert-configuration-ux-audit.md","sprint-221-alert-configuration-ux-audit.md","docs","sprint","6870"
"sprint-222-alert-configuration-ux-refactoring-multi-alert-administration.md","sprint-222-alert-configuration-ux-refactoring-multi-alert-administration.md","docs","sprint","3598"
"sprint-223-alert-scheduling-completion-stabilization.md","sprint-223-alert-scheduling-completion-stabilization.md","docs","sprint","6064"
"sprint-224-alert-scheduling-input-binding-audit.md","sprint-224-alert-scheduling-input-binding-audit.md","docs","sprint","4541"
"sprint-226-alert-operational-visualization-audit.md","sprint-226-alert-operational-visualization-audit.md","docs","sprint","4798"
"sprint-227-alert-collection-administration.md","sprint-227-alert-collection-administration.md","docs","sprint","4867"
"sprint-228-alert-collection-persistence-operational-read-audit.md","sprint-228-alert-collection-persistence-operational-read-audit.md","docs","sprint","5178"
"sprint-229-alert-collection-persistence.md","sprint-229-alert-collection-persistence.md","docs","sprint","3915"
"sprint-231-operational-experience-consolidation.md","sprint-231-operational-experience-consolidation.md","docs","sprint","4909"
"sprint-232-alert-experience-unification.md","sprint-232-alert-experience-unification.md","docs","sprint","4936"
"sprint-233-form-navigation-resolution-audit.md","sprint-233-form-navigation-resolution-audit.md","docs","sprint","6258"
"sprint-234-form-navigation-payload-correction.md","sprint-234-form-navigation-payload-correction.md","docs","sprint","3981"
"sprint-235-operational-alert-prioritization.md","sprint-235-operational-alert-prioritization.md","docs","sprint","4526"
"sprint-236-operational-time-projection-audit.md","sprint-236-operational-time-projection-audit.md","docs","sprint","6251"
"sprint-237-operational-temporal-projections.md","sprint-237-operational-temporal-projections.md","docs","sprint","5329"
"sprint-238-operational-time-persistence-audit.md","sprint-238-operational-time-persistence-audit.md","docs","sprint","8403"
"sprint-239-temporal-anchor-persistence.md","sprint-239-temporal-anchor-persistence.md","docs","sprint","5146"
"sprint-240-operational-status-classification.md","sprint-240-operational-status-classification.md","docs","sprint","4197"
"sprint-241-alert-collection-persistence-integrity-audit.md","sprint-241-alert-collection-persistence-integrity-audit.md","docs","sprint","7611"
"sprint-242-alert-calidad-write-path-consolidation.md","sprint-242-alert-calidad-write-path-consolidation.md","docs","sprint","4262"
"sprint-243-alert-config-workspace-collapsible.md","sprint-243-alert-config-workspace-collapsible.md","docs","sprint","3803"
"sprint-244-alert-selector-active-sync-audit.md","sprint-244-alert-selector-active-sync-audit.md","docs","sprint","6404"
"sprint-245-alert-selector-interaction-ux-audit.md","sprint-245-alert-selector-interaction-ux-audit.md","docs","sprint","5248"
"sprint-246-alert-workspace-interaction-flow-audit.md","sprint-246-alert-workspace-interaction-flow-audit.md","docs","sprint","6317"
"sprint-247-alert-workspace-active-sync-form-remount.md","sprint-247-alert-workspace-active-sync-form-remount.md","docs","sprint","4493"
"sprint-248-alert-workspace-preview-removal.md","sprint-248-alert-workspace-preview-removal.md","docs","sprint","4264"
"sprint-249-dynamic-forms-workspace-presentation-model-unification.md","sprint-249-dynamic-forms-workspace-presentation-model-unification.md","docs","sprint","8176"
"sprint-250-dynamic-forms-workspace-presentation-unification.md","sprint-250-dynamic-forms-workspace-presentation-unification.md","docs","sprint","5444"
"sprint-251-configuration-null-state-regression-audit.md","sprint-251-configuration-null-state-regression-audit.md","docs","sprint","6485"
"sprint-252-configuration-null-deref-surgical-root-cause.md","sprint-252-configuration-null-deref-surgical-root-cause.md","docs","sprint","5720"
"sprint-253-configuration-null-state-hardening.md","sprint-253-configuration-null-state-hardening.md","docs","sprint","4869"
"sprint-254-alert-scheduling-lifecycle-audit.md","sprint-254-alert-scheduling-lifecycle-audit.md","docs","sprint","7863"
"sprint-254-modalshell-react-api-normalization.md","sprint-254-modalshell-react-api-normalization.md","docs","sprint","2811"
"sprint-255-alert-occurrence-contract-completion-architecture-audit.md","sprint-255-alert-occurrence-contract-completion-architecture-audit.md","docs","sprint","20224"
"sprint-256-alert-occurrence-contract-lifecycle-design.md","sprint-256-alert-occurrence-contract-lifecycle-design.md","docs","sprint","14878"
"sprint-256-CERT-alert-occurrence-contract-lifecycle-design-certification.md","sprint-256-CERT-alert-occurrence-contract-lifecycle-design-certification.md","docs","sprint","13461"
"sprint-257-alert-occurrence-contract-lifecycle-implementation.md","sprint-257-alert-occurrence-contract-lifecycle-implementation.md","docs","sprint","4753"
"sprint-257-CERT-alert-occurrence-implementation-lifecycle-certification.md","sprint-257-CERT-alert-occurrence-implementation-lifecycle-certification.md","docs","sprint","14766"
"sprint-257-HF1-alert-occurrence-projection-null-safety-hardening.md","sprint-257-HF1-alert-occurrence-projection-null-safety-hardening.md","docs","sprint","5204"
"sprint-258-alert-configuration-editor-initial-state-temporal-defaults-audit.md","sprint-258-alert-configuration-editor-initial-state-temporal-defaults-audit.md","docs","sprint","9848"
"sprint-259-alert-configuration-editor-ux-initialization-temporal-defaults.md","sprint-259-alert-configuration-editor-ux-initialization-temporal-defaults.md","docs","sprint","6784"
"sprint-260-identity-boundary-audit.md","sprint-260-identity-boundary-audit.md","docs","sprint","9774"
"sprint-261-alert-multi-config-runtime-enrollment.md","sprint-261-alert-multi-config-runtime-enrollment.md","docs","sprint","5464"
"sprint-262-alert-multi-config-runtime-monitoring-identity-projection-audit.md","sprint-262-alert-multi-config-runtime-monitoring-identity-projection-audit.md","docs","sprint","9298"
"sprint-263-alert-config-metadata-roundtrip-preservation.md","sprint-263-alert-config-metadata-roundtrip-preservation.md","docs","sprint","8108"
"sprint-264-alert-temporal-completion-audit.md","sprint-264-alert-temporal-completion-audit.md","docs","sprint","4531"
"sprint-265-form-alert-completion-lifecycle-certification.md","sprint-265-form-alert-completion-lifecycle-certification.md","docs","sprint","6340"
"sprint-266-multi-alert-completion-identity-audit.md","sprint-266-multi-alert-completion-identity-audit.md","docs","sprint","7086"
"Sprint-268.md","Sprint-268.md","docs","sprint","14153"
"sprint-269-operational-experience-and-capability-assignment-integrity-audit.md","sprint-269-operational-experience-and-capability-assignment-integrity-audit.md","docs","sprint","19813"
"sprint-270-capability-persistence-recovery-and-assignment-path-correction.md","sprint-270-capability-persistence-recovery-and-assignment-path-correction.md","docs","sprint","5935"
"Sprint-271.md","Sprint-271.md","docs","sprint","8022"
"Sprint-272.md","Sprint-272.md","docs","sprint","13274"
"Sprint-273.md","Sprint-273.md","docs","sprint","16642"
"Sprint-274.md","Sprint-274.md","docs","sprint","17580"
"Sprint-275.md","Sprint-275.md","docs","sprint","9003"
"Sprint-276.md","Sprint-276.md","docs","sprint","12403"
"Sprint-277.md","Sprint-277.md","docs","sprint","8982"
"Sprint-278.md","Sprint-278.md","docs","sprint","14790"
"Sprint-279.md","Sprint-279.md","docs","sprint","18577"
"Sprint-280.md","Sprint-280.md","docs","sprint","13315"
"Sprint-281.md","Sprint-281.md","docs","sprint","30914"
"Sprint-283.md","Sprint-283.md","docs","sprint","15275"
"Sprint-284.md","Sprint-284.md","docs","sprint","10607"
"Sprint-285.md","Sprint-285.md","docs","sprint","10062"
"Sprint-286.md","Sprint-286.md","docs","sprint","11758"
"Sprint-288.md","Sprint-288.md","docs","sprint","15166"
"Sprint-289.md","Sprint-289.md","docs","sprint","12976"
"Sprint-290.md","Sprint-290.md","docs","sprint","13564"
"Sprint-291.md","Sprint-291.md","docs","sprint","11101"
"Sprint-292.md","Sprint-292.md","docs","sprint","10189"
"Sprint-293.md","Sprint-293.md","docs","sprint","22408"
"Sprint-295.md","Sprint-295.md","docs","sprint","4330"
"Sprint-296.md","Sprint-296.md","docs","sprint","9617"
"Sprint-297.md","Sprint-297.md","docs","sprint","7058"
"Sprint-298.md","Sprint-298.md","docs","sprint","6562"
"Sprint-299.md","Sprint-299.md","docs","sprint","8522"
"Sprint-300.md","Sprint-300.md","docs","sprint","8222"
"Sprint-301.md","Sprint-301.md","docs","sprint","8349"
"Sprint-302.md","Sprint-302.md","docs","sprint","9407"
"Sprint-304.md","Sprint-304.md","docs","sprint","11584"
"Sprint-305.md","Sprint-305.md","docs","sprint","7872"
"Sprint-306.md","Sprint-306.md","docs","sprint","6733"
"Sprint-307.md","Sprint-307.md","docs","sprint","10750"
"Sprint-308.md","Sprint-308.md","docs","sprint","6776"
"Sprint-310.md","Sprint-310.md","docs","sprint","8958"
"Sprint-311.md","Sprint-311.md","docs","sprint","7184"
"Sprint-312.md","Sprint-312.md","docs","sprint","11256"
"Sprint-313.md","Sprint-313.md","docs","sprint","9792"
"Sprint-314.md","Sprint-314.md","docs","sprint","12862"
"Sprint-315.md","Sprint-315.md","docs","sprint","9525"
"Sprint-316.md","Sprint-316.md","docs","sprint","13209"
"Sprint-317.md","Sprint-317.md","docs","sprint","6274"
"Sprint-318.md","Sprint-318.md","docs","sprint","7580"
"Sprint-319.md","Sprint-319.md","docs","sprint","6095"
"Sprint-320.md","Sprint-320.md","docs","sprint","12021"
"Sprint-321.md","Sprint-321.md","docs","sprint","3571"
"Sprint-322.md","Sprint-322.md","docs","sprint","7395"
"Sprint-323.md","Sprint-323.md","docs","sprint","7231"
"Sprint-324.md","Sprint-324.md","docs","sprint","9608"
"Sprint-325.md","Sprint-325.md","docs","sprint","7526"
"Sprint-326.md","Sprint-326.md","docs","sprint","10851"
"Sprint-327.md","Sprint-327.md","docs","sprint","9852"
"Sprint-328.md","Sprint-328.md","docs","sprint","7839"
"Sprint-329.md","Sprint-329.md","docs","sprint","5119"
"Sprint-330.md","Sprint-330.md","docs","sprint","8567"
"Sprint-332.md","Sprint-332.md","docs","sprint","9375"
"Sprint-333.md","Sprint-333.md","docs","sprint","12627"
"Sprint-334.md","Sprint-334.md","docs","sprint","5788"
"Sprint-335.md","Sprint-335.md","docs","sprint","4686"
"Sprint-336.md","Sprint-336.md","docs","sprint","4632"
"Sprint-337.md","Sprint-337.md","docs","sprint","4484"
"Sprint-338.md","Sprint-338.md","docs","sprint","4557"
"Sprint-339.md","Sprint-339.md","docs","sprint","4156"
"Sprint-341.md","Sprint-341.md","docs","sprint","6246"
"Sprint-342.md","Sprint-342.md","docs","sprint","5763"
"Sprint-343.md","Sprint-343.md","docs","sprint","7284"
"Sprint-344.md","Sprint-344.md","docs","sprint","6466"
"Sprint-346.md","Sprint-346.md","docs","sprint","7145"
"Sprint-347.md","Sprint-347.md","docs","sprint","7928"
"Sprint-348.md","Sprint-348.md","docs","sprint","6557"
"Sprint-350.md","Sprint-350.md","docs","sprint","11216"
"Sprint-351.md","Sprint-351.md","docs","sprint","6726"
"Sprint-355.md","Sprint-355.md","docs","sprint","5910"
"Sprint-356.md","Sprint-356.md","docs","sprint","8077"
"Sprint-357.md","Sprint-357.md","docs","sprint","7861"
"Sprint-358.md","Sprint-358.md","docs","sprint","5840"
"Sprint-359.md","Sprint-359.md","docs","sprint","7889"
"Sprint-360.md","Sprint-360.md","docs","sprint","7505"
"Sprint-361.md","Sprint-361.md","docs","sprint","9072"
"Sprint-362.md","Sprint-362.md","docs","sprint","9501"
"Sprint-363.md","Sprint-363.md","docs","sprint","6877"
"Sprint-364.md","Sprint-364.md","docs","sprint","10172"
"Sprint-365.md","Sprint-365.md","docs","sprint","6087"
"Sprint-366.md","Sprint-366.md","docs","sprint","12240"
"Sprint-367.md","Sprint-367.md","docs","sprint","5789"
"Sprint-368.md","Sprint-368.md","docs","sprint","7596"
"Sprint-369.md","Sprint-369.md","docs","sprint","6825"
"Sprint-370.md","Sprint-370.md","docs","sprint","15291"
"Sprint-371.md","Sprint-371.md","docs","sprint","16770"
"Sprint-372.2.md","Sprint-372.2.md","docs","sprint","14159"
"Sprint-374.md","Sprint-374.md","docs","sprint","7294"
"Sprint-376.md","Sprint-376.md","docs","sprint","13324"
"Sprint-377.md","Sprint-377.md","docs","sprint","13025"
"Sprint-378.md","Sprint-378.md","docs","sprint","21304"
"Sprint-380.md","Sprint-380.md","docs","sprint","10372"
"Sprint-381.md","Sprint-381.md","docs","sprint","16757"
"Sprint-382.md","Sprint-382.md","docs","sprint","22922"
"Sprint-383.md","Sprint-383.md","docs","sprint","10659"
"Sprint-385.md","Sprint-385.md","docs","sprint","15059"
"Sprint-386.md","Sprint-386.md","docs","sprint","16181"
"Sprint-386A.md","Sprint-386A.md","docs","sprint","10552"
"Sprint-387.md","Sprint-387.md","docs","sprint","14925"
"Sprint-388.md","Sprint-388.md","docs","sprint","15663"
"Sprint-389-Public-Release-Security-Audit.md","Sprint-389-Public-Release-Security-Audit.md","docs","sprint","22762"
"Sprint-394-Deployment-Compatibility-Audit.md","Sprint-394-Deployment-Compatibility-Audit.md","docs","sprint","10197"
"sprint-81-editable-form-definition-foundation.md","sprint-81-editable-form-definition-foundation.md","docs","sprint","5992"
"sprint-82-rule-based-form-classification-engine.md","sprint-82-rule-based-form-classification-engine.md","docs","sprint","8645"
"sprint-83-business-knowledge-classification-engine.md","sprint-83-business-knowledge-classification-engine.md","docs","sprint","7992"
"sprint-84-document-layout-intelligence-engine.md","sprint-84-document-layout-intelligence-engine.md","docs","sprint","9727"
"sprint-85-document-section-intelligence-checklist-compliance-engine.md","sprint-85-document-section-intelligence-checklist-compliance-engine.md","docs","sprint","9128"
"sprint-86-operational-document-pattern-recognition-checklist-compliance-certification.md","sprint-86-operational-document-pattern-recognition-checklist-compliance-certification.md","docs","sprint","11018"
"sprint-87-checklist-runtime-compliance-workflow-certification.md","sprint-87-checklist-runtime-compliance-workflow-certification.md","docs","sprint","8127"
"sprint-88-unified-checklist-workflow-compliance-audit-certification.md","sprint-88-unified-checklist-workflow-compliance-audit-certification.md","docs","sprint","9040"
"sprint-89-compliance-traceability-audit-pipeline-certification.md","sprint-89-compliance-traceability-audit-pipeline-certification.md","docs","sprint","5680"
"sprint-90-operational-signature-standardization-responsible-party-certification.md","sprint-90-operational-signature-standardization-responsible-party-certification.md","docs","sprint","5028"
"sprint-91-administrative-responsive-layout-contract-certification.md","sprint-91-administrative-responsive-layout-contract-certification.md","docs","sprint","5241"
"sprint-92-form-integrity-protection-safe-deletion-certification.md","sprint-92-form-integrity-protection-safe-deletion-certification.md","docs","sprint","5796"
"sprint-93-operational-traceability-experience-certification.md","sprint-93-operational-traceability-experience-certification.md","docs","sprint","6803"
"sprint-94-operational-data-normalization-universal-layer-certification.md","sprint-94-operational-data-normalization-universal-layer-certification.md","docs","sprint","7005"
"sprint-95-operational-experience-contract-ssot-certification.md","sprint-95-operational-experience-contract-ssot-certification.md","docs","sprint","6082"
"sprint-96-universal-operational-experience-runtime-certification.md","sprint-96-universal-operational-experience-runtime-certification.md","docs","sprint","6722"
"sprint-97-universal-operational-import-workflow-certification.md","sprint-97-universal-operational-import-workflow-certification.md","docs","sprint","7530"
"sprint-98-universal-operational-rules-engine-certification.md","sprint-98-universal-operational-rules-engine-certification.md","docs","sprint","10009"
"sprint-99-universal-operational-audit-layer-certification.md","sprint-99-universal-operational-audit-layer-certification.md","docs","sprint","7358"
".ai\00-READ-FIRST.md","00-READ-FIRST.md",".ai","other","3319"
".ai\01-PROJECT-BASELINE.md","01-PROJECT-BASELINE.md",".ai","project","3196"
".ai\02-ARCHITECTURAL-GOVERNANCE.md","02-ARCHITECTURAL-GOVERNANCE.md",".ai","other","1323"
".ai\03-DEVELOPMENT-WORKFLOW.md","03-DEVELOPMENT-WORKFLOW.md",".ai","other","342"
".ai\04-REUSE-FIRST-POLICY.md","04-REUSE-FIRST-POLICY.md",".ai","other","633"
".ai\05-SPRINT-DEFINITION-STANDARD.md","05-SPRINT-DEFINITION-STANDARD.md",".ai","other","494"
".ai\06-IMPLEMENTATION-RULES.md","06-IMPLEMENTATION-RULES.md",".ai","other","430"
".ai\07-BUSINESS-ROADMAP.md","07-BUSINESS-ROADMAP.md",".ai","roadmap","741"
".ai\08-DECISION-LOG.md","08-DECISION-LOG.md",".ai","other","404"
".ai\09-CERTIFICATION-CHECKLIST.md","09-CERTIFICATION-CHECKLIST.md",".ai","other","430"
".ai\10-AI-COLLABORATION-PROTOCOL.md","10-AI-COLLABORATION-PROTOCOL.md",".ai","other","650"
".ai\CHANGELOG.md","CHANGELOG.md",".ai","other","0"
"00-governance\architecture_progress.md","architecture_progress.md","00-governance","architecture","510"
"00-governance\changelog.md","changelog.md","00-governance","other","41008"
"00-governance\technical_roadmap.md","technical_roadmap.md","00-governance","roadmap","27223"
"00-governance\tree_docs.md","tree_docs.md","00-governance","other","1674"
"01-core-runtime\component_registry.md","component_registry.md","01-core-runtime","other","23895"
"01-core-runtime\core_architecture.md","core_architecture.md","01-core-runtime","architecture","37647"
"01-core-runtime\dynamic_runtime_engine.md","dynamic_runtime_engine.md","01-core-runtime","other","38793"
"01-core-runtime\event_bus_architecture.md","event_bus_architecture.md","01-core-runtime","architecture","34840"
"01-core-runtime\rendering_engine.md","rendering_engine.md","01-core-runtime","other","46403"
"01-core-runtime\runtime_data_model.md","runtime_data_model.md","01-core-runtime","other","32134"
"01-core-runtime\runtime_state_architecture.md","runtime_state_architecture.md","01-core-runtime","architecture","33671"
"01-core-runtime\SPRINT_8_RUNTIME_ARCHITECTURE_AUDIT.md","SPRINT_8_RUNTIME_ARCHITECTURE_AUDIT.md","01-core-runtime","sprint","12147"
"01-core-runtime\workflow_engine.md","workflow_engine.md","01-core-runtime","other","29742"
"01-core-runtime\01-core-runtime-doc\00-freeze\ARCHITECTURE_FREEZE_V1.md","ARCHITECTURE_FREEZE_V1.md","00-freeze","architecture","2272"
"01-core-runtime\01-core-runtime-doc\00-freeze\DOCUMENT_FREEZE_V1.md","DOCUMENT_FREEZE_V1.md","00-freeze","other","625"
"01-core-runtime\01-core-runtime-doc\00-freeze\RUNTIME_ARCHITECTURE_MASTER_DOCUMENT.md","RUNTIME_ARCHITECTURE_MASTER_DOCUMENT.md","00-freeze","architecture","10214"
"01-core-runtime\01-core-runtime-doc\01-audits\SAAS_DOMAIN_MAPPING_AUDIT.md","SAAS_DOMAIN_MAPPING_AUDIT.md","01-audits","audit","9373"
"01-core-runtime\01-core-runtime-doc\01-audits\SAAS_RUNTIME_INTEGRATION_AUDIT.md","SAAS_RUNTIME_INTEGRATION_AUDIT.md","01-audits","audit","10110"
"01-core-runtime\01-core-runtime-doc\01-audits\SAAS_RUNTIME_INTEGRATION_STRATEGY_AUDIT.md","SAAS_RUNTIME_INTEGRATION_STRATEGY_AUDIT.md","01-audits","audit","9184"
"01-core-runtime\01-core-runtime-doc\01-audits\SAAS_RUNTIME_TARGET_ARCHITECTURE_AUDIT.md","SAAS_RUNTIME_TARGET_ARCHITECTURE_AUDIT.md","01-audits","architecture","8787"
"01-core-runtime\01-core-runtime-doc\01-audits\T2.4_MINIMAL_RUNTIME_CONTRACT_AUDIT.md","T2.4_MINIMAL_RUNTIME_CONTRACT_AUDIT.md","01-audits","contract","7703"
"01-core-runtime\01-core-runtime-doc\02-sprint23-design\S23.1.1_RUNTIME_ENTRY_STRATEGY.md","S23.1.1_RUNTIME_ENTRY_STRATEGY.md","02-sprint23-design","other","6866"
"01-core-runtime\01-core-runtime-doc\02-sprint23-design\S23.1_BUSINESS_EVENT_INTEGRATION_DESIGN.md","S23.1_BUSINESS_EVENT_INTEGRATION_DESIGN.md","02-sprint23-design","other","7183"
"01-core-runtime\01-core-runtime-doc\02-sprint23-design\S23.7_ACTUAL_PATCH_EXECUTION_DESIGN.md","S23.7_ACTUAL_PATCH_EXECUTION_DESIGN.md","02-sprint23-design","other","4086"
"01-core-runtime\01-core-runtime-doc\02-sprint23-design\T2.3_RUNTIME_SAAS_COMPATIBILITY_MATRIX_AUDIT.md","T2.3_RUNTIME_SAAS_COMPATIBILITY_MATRIX_AUDIT.md","02-sprint23-design","audit","7776"
"01-core-runtime\01-core-runtime-doc\02-sprint23-design\T2.5_RUNTIME_INTEGRATION_BACKLOG_AUDIT.md","T2.5_RUNTIME_INTEGRATION_BACKLOG_AUDIT.md","02-sprint23-design","audit","8862"
"01-core-runtime\01-core-runtime-doc\02-sprint23-design\T2.6_SPRINT_23_EXECUTION_BLUEPRINT.md","T2.6_SPRINT_23_EXECUTION_BLUEPRINT.md","02-sprint23-design","other","6220"
"01-core-runtime\01-core-runtime-doc\03-master-model\ANTI_BYPASS_RULES.md","ANTI_BYPASS_RULES.md","03-master-model","other","485"
"01-core-runtime\01-core-runtime-doc\03-master-model\EXECUTION_FLOW.md","EXECUTION_FLOW.md","03-master-model","other","395"
"01-core-runtime\01-core-runtime-doc\03-master-model\MODULE_TEMPLATE.md","MODULE_TEMPLATE.md","03-master-model","other","1078"
"01-core-runtime\01-core-runtime-doc\03-master-model\prompt.md","prompt.md","03-master-model","other","2177"
"01-core-runtime\01-core-runtime-doc\03-master-model\SRCL_v1.0.md","SRCL_v1.0.md","03-master-model","other","2530"
"02-contracts\00-roadmap-maestro.md","00-roadmap-maestro.md","02-contracts","roadmap","4609"
"02-contracts\AntiBypassRules.md","AntiBypassRules.md","02-contracts","other","0"
"02-contracts\contract-registry.md","contract-registry.md","02-contracts","contract","14023"
"02-contracts\field_schema.md","field_schema.md","02-contracts","other","35429"
"02-contracts\FORM_CONTRACT_ENGINE_V1.md","FORM_CONTRACT_ENGINE_V1.md","02-contracts","contract","586"
"02-contracts\form_schema_universal_full.md","form_schema_universal_full.md","02-contracts","other","87609"
"02-contracts\form_schema_universal_sgc.md","form_schema_universal_sgc.md","02-contracts","other","18252"
"02-contracts\SRCL_V1.0.md","SRCL_V1.0.md","02-contracts","other","461"
"03-validation\business_rules.md","business_rules.md","03-validation","other","24010"
"03-validation\validation_engine.md","validation_engine.md","03-validation","other","29599"
"04-infrastructure\audit_engine.md","audit_engine.md","04-infrastructure","audit","7669"
"04-infrastructure\database_adapter_architecture.md","database_adapter_architecture.md","04-infrastructure","architecture","7841"
"04-infrastructure\database_setup.md","database_setup.md","04-infrastructure","other","9198"
"04-infrastructure\durability_contract.md","durability_contract.md","04-infrastructure","contract","9669"
"04-infrastructure\event_audit_correlation.md","event_audit_correlation.md","04-infrastructure","audit","7481"
"04-infrastructure\idempotency_strategy.md","idempotency_strategy.md","04-infrastructure","other","8972"
"04-infrastructure\infrastructure_layers.md","infrastructure_layers.md","04-infrastructure","other","10955"
"04-infrastructure\persistence_architecture.md","persistence_architecture.md","04-infrastructure","architecture","21220"
"04-infrastructure\runtime_api_contracts.md","runtime_api_contracts.md","04-infrastructure","contract","8398"
"04-infrastructure\storage_architecture.md","storage_architecture.md","04-infrastructure","architecture","10059"
"04-infrastructure\transaction_architecture.md","transaction_architecture.md","04-infrastructure","architecture","40324"
"05-implementation\application_implementation_architecture.md","application_implementation_architecture.md","05-implementation","architecture","8443"
"05-implementation\deployment_architecture.md","deployment_architecture.md","05-implementation","architecture","7196"
"05-implementation\implementation_roadmap.md","implementation_roadmap.md","05-implementation","roadmap","7274"
"05-implementation\project_structure_blueprint.md","project_structure_blueprint.md","05-implementation","project","7166"
"05-implementation\runtime_module_dependencies.md","runtime_module_dependencies.md","05-implementation","other","6382"
"06-analytics-ai\ANALISIS_ARQUITECTURA_ENTERPRISE.md","ANALISIS_ARQUITECTURA_ENTERPRISE.md","06-analytics-ai","other","87957"
"06-analytics-ai\analytics_architecture.md","analytics_architecture.md","06-analytics-ai","architecture","29499"
"06-analytics-ai\ia_ready_architecture.md","ia_ready_architecture.md","06-analytics-ai","architecture","29281"
"07-scalability\scalability_strategy.md","scalability_strategy.md","07-scalability","other","24656"
"08-registry\engine_registry.md","engine_registry.md","08-registry","other","9426"
"09-business-assets\1-inventario-maestro.md","1-inventario-maestro.md","09-business-assets","other","12797"
"09-business-assets\inventario_formatos.md","inventario_formatos.md","09-business-assets","other","18250"
"10-ai-context\AI_HANDOFF_INDEX.md","AI_HANDOFF_INDEX.md","10-ai-context","other","5904"
"10-ai-context\CURRENT_STATE.md","CURRENT_STATE.md","10-ai-context","other","1552"
"10-ai-context\PROJECT_OVERVIEW.md","PROJECT_OVERVIEW.md","10-ai-context","overview","8586"
"10-ai-context\PROMPTS_HISTORY.md","PROMPTS_HISTORY.md","10-ai-context","project","21254"
"10-ai-context\ROJECT_STRUCTURE_TREE.md","ROJECT_STRUCTURE_TREE.md","10-ai-context","other","0"
"10-ai-context\SPRINT_HISTORY.md","SPRINT_HISTORY.md","10-ai-context","sprint","31683"
"10-ai-context\STORY_HISTORY.md","STORY_HISTORY.md","10-ai-context","project","16419"
"11-architecture\field-types.md","field-types.md","11-architecture","other","7266"
"13-auditoria\AUD-001-Documental-Audit.md","AUD-001-Documental-Audit.md","13-auditoria","audit","14567"
"13-auditoria\AUDIT_43.1A.md","AUDIT_43.1A.md","13-auditoria","audit","7926"
"13-auditoria\AUDIT_43_signature-field.md","AUDIT_43_signature-field.md","13-auditoria","audit","11868"
"13-auditoria\AUDIT_B10_REGISTRY_CONTENT_RESULT.md","AUDIT_B10_REGISTRY_CONTENT_RESULT.md","13-auditoria","audit","7212"
"13-auditoria\AUDIT_B6_RUNTIME_RESOLVED_FIELDS_RESULT.md","AUDIT_B6_RUNTIME_RESOLVED_FIELDS_RESULT.md","13-auditoria","audit","3331"
"13-auditoria\AUDIT_B8_REGISTRY_WIRING_RESULT.md","AUDIT_B8_REGISTRY_WIRING_RESULT.md","13-auditoria","audit","10197"
"13-auditoria\AUDIT_C1_RUNTIME_BREAKPOINT_RESULT.md","AUDIT_C1_RUNTIME_BREAKPOINT_RESULT.md","13-auditoria","audit","4238"
"13-auditoria\AUDIT_C2_DIFF_REAL_BREAK_RESULT.md","AUDIT_C2_DIFF_REAL_BREAK_RESULT.md","13-auditoria","audit","6909"
"13-auditoria\AUDIT_C3_DIFF_REAL_BREAK_RESULT.md","AUDIT_C3_DIFF_REAL_BREAK_RESULT.md","13-auditoria","audit","15579"
"13-auditoria\AUDIT_D1_PREPARE_TRACE_RESULT.md","AUDIT_D1_PREPARE_TRACE_RESULT.md","13-auditoria","audit","5041"
"13-auditoria\AUDIT_FIX_01_RUNTIME_ROLLBACK_RESULT.md","AUDIT_FIX_01_RUNTIME_ROLLBACK_RESULT.md","13-auditoria","audit","2036"
"13-auditoria\AUDIT_FIX_04_BUILDER_INJECTION_RESULT.md","AUDIT_FIX_04_BUILDER_INJECTION_RESULT.md","13-auditoria","audit","3671"
"13-auditoria\AUDIT_FIX_05_REAL_BUILDER_WIRING_RESULT.md","AUDIT_FIX_05_REAL_BUILDER_WIRING_RESULT.md","13-auditoria","audit","3564"
"13-auditoria\AUDIT_FIX_06_RUNTIME_BOOTSTRAP_ROOT_CAUSE.md","AUDIT_FIX_06_RUNTIME_BOOTSTRAP_ROOT_CAUSE.md","13-auditoria","audit","2590"
"13-auditoria\AUDIT_V1_DIGITALIZATION_READINESS.md","AUDIT_V1_DIGITALIZATION_READINESS.md","13-auditoria","audit","4853"
"13-auditoria\AUDIT_V1_FLOW_ANALYSIS.md","AUDIT_V1_FLOW_ANALYSIS.md","13-auditoria","audit","3379"
"13-auditoria\AUDIT_V1_PROJECT_INVENTORY.md","AUDIT_V1_PROJECT_INVENTORY.md","13-auditoria","audit","14363"
"13-auditoria\AUDIT_V1_RUNTIME_ANALYSIS.md","AUDIT_V1_RUNTIME_ANALYSIS.md","13-auditoria","audit","6056"
"13-auditoria\AUDIT_V2_RUNTIME_REGRESSION_RESULT.md","AUDIT_V2_RUNTIME_REGRESSION_RESULT.md","13-auditoria","audit","6110"
"13-auditoria\SPRINT_50_2_CORE_IMPLEMENTATION_READINESS_AUDIT.md","SPRINT_50_2_CORE_IMPLEMENTATION_READINESS_AUDIT.md","13-auditoria","sprint","25915"
"14-sprint\00-digitalizacion.md","00-digitalizacion.md","14-sprint","other","2779"
"14-sprint\Sprint-390-Security-Remediation.md","Sprint-390-Security-Remediation.md","14-sprint","sprint","9462"
"14-sprint\Sprint-391-Security-Hardening-Public-Release.md","Sprint-391-Security-Hardening-Public-Release.md","14-sprint","sprint","9431"
"14-sprint\Sprint-392-Repository-Synchronization-Release-Consolidation.md","Sprint-392-Repository-Synchronization-Release-Consolidation.md","14-sprint","sprint","8030"
"14-sprint\Sprint-393-Final-Security-Audit-Release-Readiness.md","Sprint-393-Final-Security-Audit-Release-Readiness.md","14-sprint","sprint","8415"
"14-sprint\Sprint-396-Multi-Environment-Compatibility-Audit.md","Sprint-396-Multi-Environment-Compatibility-Audit.md","14-sprint","sprint","8434"
"14-sprint\SPRINT-70B-PRODUCTION-BUNDLE-RUNTIME-CERTIFICATION-AUDIT.md","SPRINT-70B-PRODUCTION-BUNDLE-RUNTIME-CERTIFICATION-AUDIT.md","14-sprint","sprint","18357"
"14-sprint\SPRINT-70C-ISOLATION-AUDIT-REPORT.md","SPRINT-70C-ISOLATION-AUDIT-REPORT.md","14-sprint","sprint","9956"
"14-sprint\SPRINT-70D-ESM-COMPATIBILITY-PRODUCTION-MODULE-GRAPH-CERTIFICATION.md","SPRINT-70D-ESM-COMPATIBILITY-PRODUCTION-MODULE-GRAPH-CERTIFICATION.md","14-sprint","sprint","21140"
"14-sprint\SPRINT-71B-RUNTIME-FORM-METADATA-SIMPLIFICATION-CERTIFICATION.md","SPRINT-71B-RUNTIME-FORM-METADATA-SIMPLIFICATION-CERTIFICATION.md","14-sprint","sprint","8720"
"14-sprint\SPRINT-72-ICON-SELECTOR-CONSOLIDATION-CERTIFICATION.md","SPRINT-72-ICON-SELECTOR-CONSOLIDATION-CERTIFICATION.md","14-sprint","sprint","4685"
"14-sprint\SPRINT-73-LEGACY-MODULE-CONSOLIDATION-CERTIFICATION.md","SPRINT-73-LEGACY-MODULE-CONSOLIDATION-CERTIFICATION.md","14-sprint","sprint","11727"
"14-sprint\SPRINT-74-LEGACY-MODULE-ELIMINATION-CERTIFICATION.md","SPRINT-74-LEGACY-MODULE-ELIMINATION-CERTIFICATION.md","14-sprint","sprint","3264"
"14-sprint\SPRINT-75-MODULE-LIFECYCLE-GOVERNANCE-CERTIFICATION.md","SPRINT-75-MODULE-LIFECYCLE-GOVERNANCE-CERTIFICATION.md","14-sprint","sprint","20174"
"14-sprint\SPRINT-76-DYNAMIC-MODULE-FACTORY-CONSOLIDATION-CERTIFICATION.md","SPRINT-76-DYNAMIC-MODULE-FACTORY-CONSOLIDATION-CERTIFICATION.md","14-sprint","sprint","17019"
"14-sprint\SPRINT-77-DYNAMIC-MODULE-FACTORY-CONSOLIDATION-PILOT-CERTIFICATION.md","SPRINT-77-DYNAMIC-MODULE-FACTORY-CONSOLIDATION-PILOT-CERTIFICATION.md","14-sprint","sprint","10020"
"14-sprint\SPRINT-78-DYNAMIC-MODULE-FACTORY-CONSOLIDATION-FULL-OPERATIONAL-CERTIFICATION.md","SPRINT-78-DYNAMIC-MODULE-FACTORY-CONSOLIDATION-FULL-OPERATIONAL-CERTIFICATION.md","14-sprint","sprint","11822"
"14-sprint\SPRINT-79-OPERATIONAL-EXPERIENCES-CAPABILITY-FOUNDATION-CERTIFICATION.md","SPRINT-79-OPERATIONAL-EXPERIENCES-CAPABILITY-FOUNDATION-CERTIFICATION.md","14-sprint","sprint","7251"
"14-sprint\SPRINT-80-TRACEABILITY-INTELLIGENCE-ENGINE-CERTIFICATION.md","SPRINT-80-TRACEABILITY-INTELLIGENCE-ENGINE-CERTIFICATION.md","14-sprint","sprint","26960"
"14-sprint\SPRINT_11_19.md","SPRINT_11_19.md","14-sprint","sprint","16419"
"14-sprint\SPRINT_1_10.md","SPRINT_1_10.md","14-sprint","sprint","22424"
"14-sprint\SPRINT_20.md","SPRINT_20.md","14-sprint","sprint","535"
"14-sprint\SPRINT_21.md","SPRINT_21.md","14-sprint","sprint","755"
"14-sprint\SPRINT_22.md","SPRINT_22.md","14-sprint","sprint","2209"
"14-sprint\SPRINT_23.md","SPRINT_23.md","14-sprint","sprint","1552"
"14-sprint\SPRINT_24_FORM_CONTRACT.md","SPRINT_24_FORM_CONTRACT.md","14-sprint","sprint","1407"
"14-sprint\SPRINT_25_RENDER_ENGINE.md","SPRINT_25_RENDER_ENGINE.md","14-sprint","sprint","1989"
"14-sprint\SPRINT_26_Layout_Engine.md","SPRINT_26_Layout_Engine.md","14-sprint","sprint","2301"
"14-sprint\SPRINT_27.md","SPRINT_27.md","14-sprint","sprint","2169"
"14-sprint\SPRINT_28_FORM_ENGINE.md","SPRINT_28_FORM_ENGINE.md","14-sprint","sprint","2832"
"14-sprint\SPRINT_29_RUNTIME_FORM.md","SPRINT_29_RUNTIME_FORM.md","14-sprint","sprint","2619"
"14-sprint\SPRINT_30_RUNTIME_RESOLVER.md","SPRINT_30_RUNTIME_RESOLVER.md","14-sprint","sprint","2644"
"14-sprint\SPRINT_31_RUNTIME_BUILDER_DISCOVERY.md","SPRINT_31_RUNTIME_BUILDER_DISCOVERY.md","14-sprint","sprint","10602"
"14-sprint\SPRINT_32_Runtime_Builder.md","SPRINT_32_Runtime_Builder.md","14-sprint","sprint","1782"
"14-sprint\SPRINT_33.md","SPRINT_33.md","14-sprint","sprint","1814"
"14-sprint\SPRINT_34.md","SPRINT_34.md","14-sprint","sprint","1607"
"14-sprint\SPRINT_35.md","SPRINT_35.md","14-sprint","sprint","1921"
"14-sprint\SPRINT_36.md","SPRINT_36.md","14-sprint","sprint","1766"
"14-sprint\SPRINT_37.md","SPRINT_37.md","14-sprint","sprint","7505"
"14-sprint\SPRINT_38_Rule_Registry _layer.md","SPRINT_38_Rule_Registry _layer.md","14-sprint","sprint","1512"
"14-sprint\SPRINT_39.md","SPRINT_39.md","14-sprint","sprint","1504"
"14-sprint\SPRINT_40.md","SPRINT_40.md","14-sprint","sprint","1913"
"14-sprint\SPRINT_41.md","SPRINT_41.md","14-sprint","sprint","3289"
"14-sprint\SPRINT_42.1_MASTER_MODEL.md","SPRINT_42.1_MASTER_MODEL.md","14-sprint","sprint","898"
"14-sprint\SPRINT_42.2.md","SPRINT_42.2.md","14-sprint","sprint","1886"
"14-sprint\SPRINT_42.2A.md","SPRINT_42.2A.md","14-sprint","sprint","1225"
"14-sprint\SPRINT_42.2C_STABILIZACION_VISOR_GLOBAL.md","SPRINT_42.2C_STABILIZACION_VISOR_GLOBAL.md","14-sprint","sprint","2672"
"14-sprint\SPRINT_42.md","SPRINT_42.md","14-sprint","sprint","2066"
"14-sprint\sprint_43.1.md","sprint_43.1.md","14-sprint","sprint","3688"
"14-sprint\SPRINT_43_0_DASHBOARD_INTELIGENTE.md","SPRINT_43_0_DASHBOARD_INTELIGENTE.md","14-sprint","sprint","3981"
"14-sprint\SPRINT_44_1_MOTOR_UNIVERSAL_ORDENAMIENTO.md","SPRINT_44_1_MOTOR_UNIVERSAL_ORDENAMIENTO.md","14-sprint","sprint","20957"
"14-sprint\SPRINT_44_2B_EVIDENCIA_FASE_1_MOTOR_UNIVERSAL_ORDENAMIENTO.md","SPRINT_44_2B_EVIDENCIA_FASE_1_MOTOR_UNIVERSAL_ORDENAMIENTO.md","14-sprint","sprint","2929"
"14-sprint\SPRINT_44_2C_CIERRE_PILOTO_MOTOR_UNIVERSAL.md","SPRINT_44_2C_CIERRE_PILOTO_MOTOR_UNIVERSAL.md","14-sprint","sprint","6374"
"14-sprint\SPRINT_44_2_PLAN_IMPLEMENTACION_MOTOR_UNIVERSAL_ORDENAMIENTO.md","SPRINT_44_2_PLAN_IMPLEMENTACION_MOTOR_UNIVERSAL_ORDENAMIENTO.md","14-sprint","sprint","15917"
"14-sprint\SPRINT_65A_MODULE_ADMINISTRATION_DOMAIN_MODEL.md","SPRINT_65A_MODULE_ADMINISTRATION_DOMAIN_MODEL.md","14-sprint","sprint","42263"
"14-sprint\SPRINT_65B1_APPLICATION_CONTRACTS_CONSOLIDATION.md","SPRINT_65B1_APPLICATION_CONTRACTS_CONSOLIDATION.md","14-sprint","sprint","9022"
"14-sprint\SPRINT_65B_MODULE_ADMINISTRATION_APPLICATION_CONTRACTS.md","SPRINT_65B_MODULE_ADMINISTRATION_APPLICATION_CONTRACTS.md","14-sprint","sprint","12688"
"14-sprint\SPRINT_65C_MODULE_ADMINISTRATION_APPLICATION_SERVICE.md","SPRINT_65C_MODULE_ADMINISTRATION_APPLICATION_SERVICE.md","14-sprint","sprint","9648"
"14-sprint\SPRINT_65D_UI_INTEGRATION_LAYER.md","SPRINT_65D_UI_INTEGRATION_LAYER.md","14-sprint","sprint","8055"
"14-sprint\SPRINT_65_ARCHITECTURAL_AUDIT_POST_SPRINT64.md","SPRINT_65_ARCHITECTURAL_AUDIT_POST_SPRINT64.md","14-sprint","sprint","22824"
"14-sprint\SPRINT_66A_INTEGRATION_AUDIT.md","SPRINT_66A_INTEGRATION_AUDIT.md","14-sprint","sprint","3700"
"14-sprint\SPRINT_66B_OPERATIONAL_READINESS.md","SPRINT_66B_OPERATIONAL_READINESS.md","14-sprint","sprint","8229"
"14-sprint\SPRINT_66B_PERSISTENCE_INTEGRATION_AUDIT.md","SPRINT_66B_PERSISTENCE_INTEGRATION_AUDIT.md","14-sprint","sprint","15341"
"14-sprint\SPRINT_66C_TRANSACTION_IDEMPOTENCY_AUDIT.md","SPRINT_66C_TRANSACTION_IDEMPOTENCY_AUDIT.md","14-sprint","sprint","18380"
"14-sprint\SPRINT_66_DYNAMIC_MODULE_WIZARD.md","SPRINT_66_DYNAMIC_MODULE_WIZARD.md","14-sprint","sprint","10193"
"14-sprint\SPRINT_67A_SCHEMA_ALIGNMENT_AUDIT.md","SPRINT_67A_SCHEMA_ALIGNMENT_AUDIT.md","14-sprint","sprint","15780"
"14-sprint\SPRINT_67B1_RUNTIME_PUBLICATION_VERIFICATION.md","SPRINT_67B1_RUNTIME_PUBLICATION_VERIFICATION.md","14-sprint","sprint","16986"
"14-sprint\SPRINT_67B_MODULE_RUNTIME_CONFIGURATION.md","SPRINT_67B_MODULE_RUNTIME_CONFIGURATION.md","14-sprint","sprint","11449"
"14-sprint\SPRINT_67C_MODULE_OPERATIONAL_CONFIGURATION_CERTIFICATION.md","SPRINT_67C_MODULE_OPERATIONAL_CONFIGURATION_CERTIFICATION.md","14-sprint","sprint","22990"
"14-sprint\SPRINT_67D1_RUNTIME_CONSUMERS_UI_PUBLICATION_AUDIT.md","SPRINT_67D1_RUNTIME_CONSUMERS_UI_PUBLICATION_AUDIT.md","14-sprint","sprint","17052"
"14-sprint\SPRINT_67D_RUNTIME_UI_PUBLICATION_SYNCHRONIZATION.md","SPRINT_67D_RUNTIME_UI_PUBLICATION_SYNCHRONIZATION.md","14-sprint","sprint","22720"
"14-sprint\SPRINT_67E_MODULE_UI_PUBLICATION_RUNTIME_CONSUMERS_CERTIFICATION.md","SPRINT_67E_MODULE_UI_PUBLICATION_RUNTIME_CONSUMERS_CERTIFICATION.md","14-sprint","sprint","21552"
"14-sprint\SPRINT_67F_MODULE_LIFECYCLE_CONSUMERS_SYNCHRONIZATION.md","SPRINT_67F_MODULE_LIFECYCLE_CONSUMERS_SYNCHRONIZATION.md","14-sprint","sprint","12345"
"14-sprint\SPRINT_67G_RUNTIME_VISUAL_PUBLICATION_LAYER_CERTIFICATION.md","SPRINT_67G_RUNTIME_VISUAL_PUBLICATION_LAYER_CERTIFICATION.md","14-sprint","sprint","19206"
"14-sprint\SPRINT_67H_RUNTIME_MODULE_PUBLICATION_DIAGNOSTIC_AUDIT.md","SPRINT_67H_RUNTIME_MODULE_PUBLICATION_DIAGNOSTIC_AUDIT.md","14-sprint","sprint","29776"
"14-sprint\SPRINT_67I_RUNTIME_MODULE_PUBLICATION_EXECUTION_TRACE_AUDIT.md","SPRINT_67I_RUNTIME_MODULE_PUBLICATION_EXECUTION_TRACE_AUDIT.md","14-sprint","sprint","14310"
"14-sprint\SPRINT_67J_RUNTIME_MODULE_PUBLICATION_DECOUPLING_CERTIFICATION.md","SPRINT_67J_RUNTIME_MODULE_PUBLICATION_DECOUPLING_CERTIFICATION.md","14-sprint","sprint","4530"
"14-sprint\SPRINT_67K_CORE_CONFIGURATION_MODULE_PROTECTION_CERTIFICATION.md","SPRINT_67K_CORE_CONFIGURATION_MODULE_PROTECTION_CERTIFICATION.md","14-sprint","sprint","3977"
"14-sprint\SPRINT_67K_SAFE_MODULE_DELETION_GOVERNANCE_CERTIFICATION.md","SPRINT_67K_SAFE_MODULE_DELETION_GOVERNANCE_CERTIFICATION.md","14-sprint","sprint","4675"
"14-sprint\SPRINT_67L_CONFIGURATION_MODULE_DESTINATION_PROTECTION_CERTIFICATION.md","SPRINT_67L_CONFIGURATION_MODULE_DESTINATION_PROTECTION_CERTIFICATION.md","14-sprint","sprint","3814"
"14-sprint\SPRINT_67M_DOCUMENT_REPOSITORY_UPLOAD_PIPELINE_AUDIT.md","SPRINT_67M_DOCUMENT_REPOSITORY_UPLOAD_PIPELINE_AUDIT.md","14-sprint","sprint","6673"
"14-sprint\SPRINT_67_DYNAMIC_MODULE_CONFIGURATION.md","SPRINT_67_DYNAMIC_MODULE_CONFIGURATION.md","14-sprint","sprint","13168"
"14-sprint\SPRINT_68A_REPOSITORY_DOCUMENT_UPLOAD_PIPELINE_AUDIT.md","SPRINT_68A_REPOSITORY_DOCUMENT_UPLOAD_PIPELINE_AUDIT.md","14-sprint","sprint","11093"
"14-sprint\SPRINT_68B_REPOSITORY_STORAGE_KEY_NORMALIZATION_CERTIFICATION.md","SPRINT_68B_REPOSITORY_STORAGE_KEY_NORMALIZATION_CERTIFICATION.md","14-sprint","sprint","5612"
"14-sprint\SPRINT_68C_BULK_APPROVAL_REMOVAL_CERTIFICATION.md","SPRINT_68C_BULK_APPROVAL_REMOVAL_CERTIFICATION.md","14-sprint","sprint","4593"
"14-sprint\SPRINT_69A_DYNAMIC_FORM_DELETION_PIPELINE_AUDIT_CERTIFICATION.md","SPRINT_69A_DYNAMIC_FORM_DELETION_PIPELINE_AUDIT_CERTIFICATION.md","14-sprint","sprint","6255"
"14-sprint\TODO.md","TODO.md","14-sprint","other","883"
"14-sprint\TODO_SPRINT_62.md","TODO_SPRINT_62.md","14-sprint","other","1292"
"14-sprint\TODO_SPRINT_64.md","TODO_SPRINT_64.md","14-sprint","other","1238"
"14-sprint\TRACEABILITY_DEEP_AUDIT.md","TRACEABILITY_DEEP_AUDIT.md","14-sprint","audit","11076"
"14-sprint\TRACEABILITY_RUNTIME_READINESS.md","TRACEABILITY_RUNTIME_READINESS.md","14-sprint","other","2373"
"14-sprint\45-sprint\SPRINT_45_10A_STANDARD_DEPENDENCY_MAP_REFINEMENT_AUDIT.md","SPRINT_45_10A_STANDARD_DEPENDENCY_MAP_REFINEMENT_AUDIT.md","45-sprint","sprint","11264"
"14-sprint\45-sprint\SPRINT_45_10_STANDARD_DEPENDENCY_MAP_AUDIT.md","SPRINT_45_10_STANDARD_DEPENDENCY_MAP_AUDIT.md","45-sprint","sprint","17232"
"14-sprint\45-sprint\SPRINT_45_11A_ARCHITECTURE_CERTIFICATION_REVIEW_SSOT.md","SPRINT_45_11A_ARCHITECTURE_CERTIFICATION_REVIEW_SSOT.md","45-sprint","sprint","8645"
"14-sprint\45-sprint\SPRINT_45_11_STANDARD_CORE_ARCHITECTURE_SSOT_FINAL.md","SPRINT_45_11_STANDARD_CORE_ARCHITECTURE_SSOT_FINAL.md","45-sprint","sprint","16665"
"14-sprint\45-sprint\SPRINT_45_12_ARCHITECTURAL_EVOLUTION_RULES_SSOT.md","SPRINT_45_12_ARCHITECTURAL_EVOLUTION_RULES_SSOT.md","45-sprint","sprint","14569"
"14-sprint\45-sprint\SPRINT_45_13A_ADR_REFINEMENT_GOVERNANCE_SSOT.md","SPRINT_45_13A_ADR_REFINEMENT_GOVERNANCE_SSOT.md","45-sprint","sprint","13524"
"14-sprint\45-sprint\SPRINT_45_13_ARCHITECTURAL_DECISION_RECORDS_ADR_SSOT.md","SPRINT_45_13_ARCHITECTURAL_DECISION_RECORDS_ADR_SSOT.md","45-sprint","sprint","8305"
"14-sprint\45-sprint\SPRINT_45_14A_ARCHITECTURAL_RISK_ASSESSMENT_GOVERNANCE_REFINEMENT_SSOT.md","SPRINT_45_14A_ARCHITECTURAL_RISK_ASSESSMENT_GOVERNANCE_REFINEMENT_SSOT.md","45-sprint","sprint","9062"
"14-sprint\45-sprint\SPRINT_45_14_ARCHITECTURAL_RISK_REGISTER_SSOT.md","SPRINT_45_14_ARCHITECTURAL_RISK_REGISTER_SSOT.md","45-sprint","sprint","15677"
"14-sprint\45-sprint\SPRINT_45_15A ? Architectural Compliance Assessment & Governance Refinement (SSOT).md","SPRINT_45_15A ? Architectural Compliance Assessment & Governance Refinement (SSOT).md","45-sprint","sprint","7330"
"14-sprint\45-sprint\SPRINT_45_15_ARCHITECTURAL_COMPLIANCE_FRAMEWORK_SSOT.md","SPRINT_45_15_ARCHITECTURAL_COMPLIANCE_FRAMEWORK_SSOT.md","45-sprint","sprint","7534"
"14-sprint\45-sprint\SPRINT_45_16A_ARCHITECTURE_GOVERNANCE_ASSESSMENT_REFINEMENT_SSOT.md","SPRINT_45_16A_ARCHITECTURE_GOVERNANCE_ASSESSMENT_REFINEMENT_SSOT.md","45-sprint","sprint","6127"
"14-sprint\45-sprint\SPRINT_45_16_ARCHITECTURE_GOVERNANCE_FRAMEWORK_SSOT.md","SPRINT_45_16_ARCHITECTURE_GOVERNANCE_FRAMEWORK_SSOT.md","45-sprint","sprint","8680"
"14-sprint\45-sprint\SPRINT_45_17A_ARCHITECTURE_CERTIFICATION_ASSESSMENT_FINAL_GOVERNANCE_CLOSURE_SSOT.md","SPRINT_45_17A_ARCHITECTURE_CERTIFICATION_ASSESSMENT_FINAL_GOVERNANCE_CLOSURE_SSOT.md","45-sprint","sprint","5865"
"14-sprint\45-sprint\SPRINT_45_17_ARCHITECTURE_CERTIFICATION_MODEL_SSOT.md","SPRINT_45_17_ARCHITECTURE_CERTIFICATION_MODEL_SSOT.md","45-sprint","sprint","5727"
"14-sprint\45-sprint\SPRINT_45_18_ARCHITECTURE_CERTIFICATION_CLOSURE_SSOT.md","SPRINT_45_18_ARCHITECTURE_CERTIFICATION_CLOSURE_SSOT.md","45-sprint","sprint","6777"
"14-sprint\45-sprint\SPRINT_45_1A_CURRENT_SYSTEM_DECOMPOSITION.md","SPRINT_45_1A_CURRENT_SYSTEM_DECOMPOSITION.md","45-sprint","sprint","17719"
"14-sprint\45-sprint\SPRINT_45_1_STANDARD_MODULE_DEFINITION.md","SPRINT_45_1_STANDARD_MODULE_DEFINITION.md","45-sprint","sprint","12256"
"14-sprint\45-sprint\SPRINT_45_2_MODULE_CREATION_FLOW_AUDIT.md","SPRINT_45_2_MODULE_CREATION_FLOW_AUDIT.md","45-sprint","sprint","12471"
"14-sprint\45-sprint\SPRINT_45_3_FORM_BUILDER_AUDIT.md","SPRINT_45_3_FORM_BUILDER_AUDIT.md","45-sprint","sprint","12252"
"14-sprint\45-sprint\SPRINT_45_4_MODULE_EXECUTION_FLOW_AUDIT.md","SPRINT_45_4_MODULE_EXECUTION_FLOW_AUDIT.md","45-sprint","sprint","13795"
"14-sprint\45-sprint\SPRINT_45_5_STANDARD_MODULE_FEATURE_MAP_AUDIT.md","SPRINT_45_5_STANDARD_MODULE_FEATURE_MAP_AUDIT.md","45-sprint","sprint","13001"
"14-sprint\45-sprint\SPRINT_45_6_STANDARD_MODULE_DEPENDENCY_MAP_AUDIT.md","SPRINT_45_6_STANDARD_MODULE_DEPENDENCY_MAP_AUDIT.md","45-sprint","sprint","13312"
"14-sprint\45-sprint\SPRINT_45_7_STANDARD_METADATA_MODEL_AUDIT.md","SPRINT_45_7_STANDARD_METADATA_MODEL_AUDIT.md","45-sprint","sprint","18312"
"14-sprint\45-sprint\SPRINT_45_8_STANDARD_MODULE_EXECUTION_FLOW_AUDIT.md","SPRINT_45_8_STANDARD_MODULE_EXECUTION_FLOW_AUDIT.md","45-sprint","sprint","13865"
"14-sprint\45-sprint\SPRINT_45_9_STANDARD_CONTRACT_MAP_AUDIT.md","SPRINT_45_9_STANDARD_CONTRACT_MAP_AUDIT.md","45-sprint","sprint","21159"
"14-sprint\45-sprint\SPRINT_45_CURRENT_SYSTEM_AUDIT.md","SPRINT_45_CURRENT_SYSTEM_AUDIT.md","45-sprint","sprint","24290"
"14-sprint\45-sprint\TODO_SPRINT_45.md","TODO_SPRINT_45.md","45-sprint","other","1354"
"14-sprint\46-sprint\Sprint_46_Standard_Module_Factory.md","Sprint_46_Standard_Module_Factory.md","46-sprint","sprint","17984"
"14-sprint\47-sprint\Sprint_47_Operational_Governance_Model.md","Sprint_47_Operational_Governance_Model.md","47-sprint","sprint","17324"
"14-sprint\48-sprint\Sprint_48_Metadata_Factory_Administration_Model.md","Sprint_48_Metadata_Factory_Administration_Model.md","48-sprint","sprint","13368"
"14-sprint\49-sprint\SPRINT_49A_R6_CORE_STANDARD_EVOLUTION_AUDIT.md","SPRINT_49A_R6_CORE_STANDARD_EVOLUTION_AUDIT.md","49-sprint","sprint","34592"
"14-sprint\49-sprint\Sprint_49A_Workspace_Foundation_Implementation.md","Sprint_49A_Workspace_Foundation_Implementation.md","49-sprint","sprint","14044"
"14-sprint\49-sprint\Sprint_49_Metadata_Factory_Implementation_Blueprint.md","Sprint_49_Metadata_Factory_Implementation_Blueprint.md","49-sprint","sprint","16849"
"15-architecture\BUSINESS_CAPABILITY_CONTRACT_v1.md","BUSINESS_CAPABILITY_CONTRACT_v1.md","15-architecture","contract","8379"
"15-architecture\CORE_CAPABILITY_COMPOSITION_ENGINE_MODEL_v1.md","CORE_CAPABILITY_COMPOSITION_ENGINE_MODEL_v1.md","15-architecture","other","8986"
"15-architecture\CORE_CAPABILITY_MODEL_v1.md","CORE_CAPABILITY_MODEL_v1.md","15-architecture","other","14351"
"15-architecture\CORE_CAPABILITY_REGISTRY_MODEL_v1.md","CORE_CAPABILITY_REGISTRY_MODEL_v1.md","15-architecture","other","12725"
"15-architecture\CORE_CAPABILITY_RESOLVER_MODEL_v1.md","CORE_CAPABILITY_RESOLVER_MODEL_v1.md","15-architecture","other","20815"
"15-architecture\CORE_GOVERNANCE_MODEL_v1.md","CORE_GOVERNANCE_MODEL_v1.md","15-architecture","other","9022"
"15-architecture\CORE_MODULE_CAPABILITY_MODEL_v1.md","CORE_MODULE_CAPABILITY_MODEL_v1.md","15-architecture","other","7634"
"15-architecture\CORE_RUNTIME_GOVERNANCE_MODEL_v1.md","CORE_RUNTIME_GOVERNANCE_MODEL_v1.md","15-architecture","other","24644"
"15-architecture\CORE_STANDARD_MODULE_STRATEGY_v1.md","CORE_STANDARD_MODULE_STRATEGY_v1.md","15-architecture","other","8270"
"15-architecture\CORE_STANDARD_SHELL_GOVERNANCE_POLICIES_v1.md","CORE_STANDARD_SHELL_GOVERNANCE_POLICIES_v1.md","15-architecture","other","16426"
"15-architecture\CORE_STANDARD_SHELL_MODEL_v1.md","CORE_STANDARD_SHELL_MODEL_v1.md","15-architecture","other","12755"
"15-architecture\current-architecture.md","current-architecture.md","15-architecture","architecture","11385"
"15-architecture\deployment-architecture.md","deployment-architecture.md","15-architecture","architecture","12889"
"15-architecture\DYNAMIC_MODULE_ARCHITECTURE_DECISION_v1.md","DYNAMIC_MODULE_ARCHITECTURE_DECISION_v1.md","15-architecture","architecture","9725"
"15-architecture\historical-knowledge-map.md","historical-knowledge-map.md","15-architecture","other","10324"
"15-architecture\MODULE_CONTRACT_v1.md","MODULE_CONTRACT_v1.md","15-architecture","contract","17551"
"15-architecture\MODULE_CONTRACT_v1_CERTIFICATION_NOTES.md","MODULE_CONTRACT_v1_CERTIFICATION_NOTES.md","15-architecture","contract","1212"
"15-architecture\SPRINT_65E_ARCHITECTURE_CONSOLIDATION.md","SPRINT_65E_ARCHITECTURE_CONSOLIDATION.md","15-architecture","sprint","11033"
"15-architecture\TODO.md","TODO.md","15-architecture","other","1108"
"15-architecture\adr\ADR-001-metadata-driven-architecture.md","ADR-001-metadata-driven-architecture.md","adr","architecture","3313"
"15-architecture\adr\ADR-002-runtime-driven-execution-model.md","ADR-002-runtime-driven-execution-model.md","adr","other","3938"
"15-architecture\adr\ADR-003-capability-driven-authorization.md","ADR-003-capability-driven-authorization.md","adr","other","3783"
"15-architecture\adr\ADR-004-supabase-remote-persistence-backend.md","ADR-004-supabase-remote-persistence-backend.md","adr","other","7965"
"15-architecture\adr\ADR-005-github-actions-github-pages-deployment.md","ADR-005-github-actions-github-pages-deployment.md","adr","deployment","8231"
"15-architecture\adr\ADR-006-tenant-scoped-persistence.md","ADR-006-tenant-scoped-persistence.md","adr","other","7692"
"15-architecture\adr\ADR-007-authentication-client-initialization-contract.md","ADR-007-authentication-client-initialization-contract.md","adr","contract","6162"
"15-architecture\adr\ADR-008-temporal-recurrence-window-model.md","ADR-008-temporal-recurrence-window-model.md","adr","other","6579"
"15-architecture\adr\ADR-009-document-storage-rls-security-model.md","ADR-009-document-storage-rls-security-model.md","adr","security","4402"
"15-architecture\adr\ADR-010-historical-sprint-preservation-policy.md","ADR-010-historical-sprint-preservation-policy.md","adr","other","5638"
"15-architecture\adr\adr-index.md","adr-index.md","adr","other","4836"
"16-implementation\ARCHITECTURE_READINESS_REPORT.md","ARCHITECTURE_READINESS_REPORT.md","16-implementation","architecture","8709"
"16-implementation\SPRINT_51_FIRST_CAPABILITY_CONSUMPTION.md","SPRINT_51_FIRST_CAPABILITY_CONSUMPTION.md","16-implementation","sprint","5843"
"16-implementation\SPRINT_52_STANDARD_ENGINE_RESOLUTION.md","SPRINT_52_STANDARD_ENGINE_RESOLUTION.md","16-implementation","sprint","5602"
"16-implementation\SPRINT_53_STANDARD_AUTHORIZATION_CAPABILITY.md","SPRINT_53_STANDARD_AUTHORIZATION_CAPABILITY.md","16-implementation","sprint","5399"
"16-implementation\SPRINT_54_STANDARD_NAVIGATION_CAPABILITY.md","SPRINT_54_STANDARD_NAVIGATION_CAPABILITY.md","16-implementation","sprint","4044"
"16-implementation\SPRINT_55_CAPABILITY_REGISTRY.md","SPRINT_55_CAPABILITY_REGISTRY.md","16-implementation","sprint","3800"
"16-implementation\SPRINT_56_1_REPOSITORY_DATA_INTEGRITY_AUDIT.md","SPRINT_56_1_REPOSITORY_DATA_INTEGRITY_AUDIT.md","16-implementation","sprint","4789"
"16-implementation\SPRINT_56_2R_REPOSITORY_CAPABILITY_PROVISIONING_REVIEW.md","SPRINT_56_2R_REPOSITORY_CAPABILITY_PROVISIONING_REVIEW.md","16-implementation","sprint","7940"
"16-implementation\SPRINT_56_2_REPOSITORY_CAPABILITY_PROVISIONING.md","SPRINT_56_2_REPOSITORY_CAPABILITY_PROVISIONING.md","16-implementation","sprint","11849"
"16-implementation\SPRINT_56_CAPABILITY_DISCOVERY_LAYER.md","SPRINT_56_CAPABILITY_DISCOVERY_LAYER.md","16-implementation","sprint","3158"
"16-implementation\SPRINT_57_1_MODULE_CAPABILITY_MODEL_DESIGN.md","SPRINT_57_1_MODULE_CAPABILITY_MODEL_DESIGN.md","16-implementation","sprint","7714"
"16-implementation\SPRINT_57_2A_FRAMEWORK_DECISIONS.md","SPRINT_57_2A_FRAMEWORK_DECISIONS.md","16-implementation","sprint","5560"
"16-implementation\SPRINT_57_2A_UNIVERSAL_MODULE_CAPABILITY_FRAMEWORK.md","SPRINT_57_2A_UNIVERSAL_MODULE_CAPABILITY_FRAMEWORK.md","16-implementation","sprint","8267"
"16-implementation\SPRINT_57_2B_GOVERNANCE_DECISIONS.md","SPRINT_57_2B_GOVERNANCE_DECISIONS.md","16-implementation","sprint","3081"
"16-implementation\SPRINT_57_2B_GOVERNED_UNIVERSAL_CAPABILITY_FRAMEWORK.md","SPRINT_57_2B_GOVERNED_UNIVERSAL_CAPABILITY_FRAMEWORK.md","16-implementation","sprint","12053"
"16-implementation\SPRINT_57_2C_PLATFORM_GOVERNANCE_FRAMEWORK_CERTIFICATION.md","SPRINT_57_2C_PLATFORM_GOVERNANCE_FRAMEWORK_CERTIFICATION.md","16-implementation","sprint","9672"
"16-implementation\SPRINT_57_2_MODULE_CAPABILITY_CONTRACT_DEFINITION.md","SPRINT_57_2_MODULE_CAPABILITY_CONTRACT_DEFINITION.md","16-implementation","sprint","6661"
"16-implementation\SPRINT_58_1_PERSISTENCE_DOMAIN_ARCHITECTURE_REFINEMENT.md","SPRINT_58_1_PERSISTENCE_DOMAIN_ARCHITECTURE_REFINEMENT.md","16-implementation","sprint","5867"
"16-implementation\SPRINT_58_2_PERSISTENCE_GOVERNANCE_FRAMEWORK.md","SPRINT_58_2_PERSISTENCE_GOVERNANCE_FRAMEWORK.md","16-implementation","sprint","6959"
"16-implementation\SPRINT_58_MODULE_CAPABILITY_PERSISTENCE_ARCHITECTURE.md","SPRINT_58_MODULE_CAPABILITY_PERSISTENCE_ARCHITECTURE.md","16-implementation","sprint","9619"
"16-implementation\SPRINT_59_1_CAPABILITY_PERSISTENCE_LAYER_ARCHITECTURE_AUDIT_CERTIFICATION.md","SPRINT_59_1_CAPABILITY_PERSISTENCE_LAYER_ARCHITECTURE_AUDIT_CERTIFICATION.md","16-implementation","sprint","10702"
"16-implementation\SPRINT_59_CAPABILITY_PERSISTENCE_LAYER_EVIDENCE.md","SPRINT_59_CAPABILITY_PERSISTENCE_LAYER_EVIDENCE.md","16-implementation","sprint","1596"
"16-implementation\SPRINT_60_MODULE_CAPABILITY_RESOLUTION_EVIDENCE.md","SPRINT_60_MODULE_CAPABILITY_RESOLUTION_EVIDENCE.md","16-implementation","sprint","2365"
"16-implementation\SPRINT_61_CAPABILITY_PUBLIC_SET_INTEGRATION.md","SPRINT_61_CAPABILITY_PUBLIC_SET_INTEGRATION.md","16-implementation","sprint","6849"
"16-implementation\SPRINT_63_COMPLETE_PLATFORM_INTEGRATION_AUDIT.md","SPRINT_63_COMPLETE_PLATFORM_INTEGRATION_AUDIT.md","16-implementation","sprint","13982"
"16-implementation\SPRINT_64_1_CORE_OPERATIONAL_LAYER_HARDENING_AND_CONTRACTS_CERTIFICATION.md","SPRINT_64_1_CORE_OPERATIONAL_LAYER_HARDENING_AND_CONTRACTS_CERTIFICATION.md","16-implementation","sprint","7928"
"16-implementation\SPRINT_64_CORE_CAPABILITY_ASSIGNMENT_OPERATIONAL_LAYER.md","SPRINT_64_CORE_CAPABILITY_ASSIGNMENT_OPERATIONAL_LAYER.md","16-implementation","sprint","6049"
"16-implementation\SPRINT_64_CORE_OPERATIONAL_LAYER_FOUNDATION.md","SPRINT_64_CORE_OPERATIONAL_LAYER_FOUNDATION.md","16-implementation","sprint","7772"
"16-implementation\SPRINT_65E_IMPLEMENTATION_SUMMARY.md","SPRINT_65E_IMPLEMENTATION_SUMMARY.md","16-implementation","sprint","3366"
