"FileName","Length","Lines","SHA256","Title"
"ARCHITECTURE_OVERVIEW.md","18906","440","1efbecfe58254eedf1bd377783949e20f95d8f9cca9daf9e79068ff4adb9e945","Architecture Overview ??? Sistema de Gesti??n de Calidad (SGC-DM)"
"DEPLOYMENT_OVERVIEW.md","15188","361","4b558473448c42538b65be6069ab692a350dfb5b04f68ef1f4522d22aa1f3117","Deployment Overview ??? Sistema de Gesti??n de Calidad (SGC-DM)"
"DOCUMENTATION_INDEX.md","12746","251","33750109b32abf5d1669070c0dd8086cbfff1bdb499f8ee271525ed5ed5984fd","Documentation Index ??? Sistema de Gesti??n de Calidad (SGC-DM)"
"FEATURE_OVERVIEW.md","12981","343","096b2355175a729760217cb64e92fbe0782e4a34557a5022c6bdce19bbdd8f8f","Feature Overview ??? Sistema de Gesti??n de Calidad (SGC-DM)"
"INTERVIEW_TALKING_POINTS.md","14967","272","faddf8c3fa23b230c921ebd237f86a6e8939677865601ddd9851f2ee9b7a4207","Interview Talking Points ??? Sistema de Gesti??n de Calidad (SGC-DM)"
"PROFESSIONAL_ROADMAP.md","10992","256","1e02fa454cfe9386b322451725f82abe7f20573bc06b9490a7f771832723d5fb","Professional Roadmap ??? Sistema de Gesti??n de Calidad (SGC-DM)"
"PROJECT_STATUS.md","9630","199","00250f2367fcf1e427c672a0ac6abb4d7728a978e1e1dfb080f01e3381017cdf","Project Status ??? Sistema de Gesti??n de Calidad (SGC-DM)"
"SECURITY_OVERVIEW.md","19729","527","de31082f9421d7e9d7cdb585dc6c9c576cbf5090ac82b14f48e30caa50a884be","Security Overview ??? Sistema de Gesti??n de Calidad (SGC-DM)"
"sprint-100-universal-operational-dashboard-certification.md","5861","152","68537891db90dbdf1ed8a2698549aade2257d384dd84e89bae39993600263eaa","Sprint 100 ??? Universal Operational Dashboard & Intelligence Certification"
"sprint-101-universal-operational-lifecycle-orchestrator-certification.md","8330","180","9b034f38a769087caac8892a7d5f2821332f2ddd235ead6b02c29580326cd432","Sprint 101 ??? Universal Operational Experience Lifecycle Orchestrator Certification"
"sprint-102-dispatches-production-capability-certification.md","11467","282","95041060b5f0b8946cbddf13529d6d8d18caae0e960ce19a80de9350d9139245","Sprint 102 ??? First Operational Experience Production Certification (SSOT)"
"sprint-103-inventory-operational-experience-certification.md","10992","241","613cabf4fb715792fac2b0abd985e6e0b8ce82d9f074275319f37bc4f2d579b3","Sprint 103 ??? Inventory Operational Experience Certification (SSOT)"
"sprint-104-production-operational-experience-certification.md","9903","198","9fc2fd95e4f35e75c0e8ce70ba429cbef4e8e1da1466e2b1a2aaf261f8e7ea88","Sprint 104 ??? Production Operational Experience Certification (SSOT)"
"sprint-105-reception-operational-experience-certification.md","7633","222","6225ab7ebc6b1858bb9f05eb05e2f8f5f761b945a36968ced85fdeee9a9a6b67","Sprint 105 ??? Reception Operational Experience Certification (SSOT)"
"sprint-106-operational-capability-governance-certification.md","10695","312","ab3605db5594020b9d52a6ae9d5ca46732ef97cec953ce424fa6bb6b889c5475","Sprint 106 ??? Operational Capability Certification & Experience Governance (SSOT)"
"sprint-107-operational-business-flow-certification.md","8312","311","29512a9d26f33da3f0d5125f854d0e3b3013980e63f7c6636713e41a1864fca3","Sprint 107 ??? Operational Business Flow Certification (SSOT)"
"sprint-108-dispatch-traceability-mvp.md","8379","227","36255cf75942a948b1dda1bb43b124416426ea5599846850b1dd794b050a9297","Sprint 108 ??? Operational Dispatch Traceability MVP (SSOT)"
"sprint-109-traceability-workspace.md","6852","202","8aa68a51fdb72089f3af739aee4ab56f8667aedf2a3bd10785dc8e03a771cc6e","Sprint 109 ??? Operational Traceability Workspace (SSOT)"
"sprint-110-data-completion.md","6299","177","b9251fc9b313c15d4b2294bb6a470d07ea501773058f15b77a12ef80e0289398","Sprint 110 ??? Operational Data Completion (SSOT)"
"sprint-112-product-master.md","5375","165","66947094d41955d3e322229a6b8c0dfaf4ecea90f7835cdd86d39037b2c81557","Sprint 112 ??? Operational Product Master Management (SSOT)"
"sprint-113-dispatch-traceability-operational-activation.md","7523","189","9fe8f5094276918a415e9b8f991d780a0c36e8765ae850a7e4552e214c74ccaa","Sprint 113 ??? Dispatch Traceability Operational Activation (SSOT)"
"sprint-114-persistence-and-responsive-hardening.md","4830","166","d4a5dad876f825500d7e1aab268c901d778bb3902090f78427bd3860fe646d26","Sprint 114 ??? Operational Experience Persistence & Responsive Hardening (SSOT)"
"sprint-115-synchronization-and-rendering-certification.md","5751","139","5de4d5b827cb358d55de365f6c053c41de073f49b86dd42afe8968e6bde25162","Sprint 115 ??? Operational Runtime Synchronization & Rendering Certification (SSOT)"
"sprint-116-workspace-ux-optimization.md","4770","125","facfb06e217a5aadd3a740f4c531a84d213a0ca4ccf32691e51b4c71ed17d0f7","Sprint 116 ??? Operational Workspace UX Optimization (SSOT)"
"sprint-117-opmodel-discovery-audit.md","16186","351","cae778066990fdaf62eaf6416e662560e2c033bebbcecde920bd2bc24a845fee","Sprint 117 ??? Dispatch Operational Model Discovery & Import Intelligence Audit (SSOT)"
"sprint-118-import-pipeline-hardening.md","6667","133","a0bbb361e3a9260084ae5eea72e09d8e645acc2612ea3b0559cbd5025de07de0","Sprint 118 ??? Universal Document Import Intelligence Hardening (SSOT)"
"sprint-119-universal-document-operational-mapping-layer.md","7712","191","460f76792f7cc9116984ea8b12685daccd968778d08229494ad7ff93a7b97f15","Sprint 119 ??? Universal Document Operational Mapping Layer (SSOT)"
"sprint-121-universal-document-segmentation-layer-certification.md","4559","156","baf5448b06fb7d75a182319aff84754b2eaa8b41cff817668cc652f9df727173","Sprint 121 ??? Universal Document Segmentation Layer Certification (SSOT)"
"sprint-122-universal-operational-relationship-resolver-certification.md","4956","164","7ea07d68d09b322b822ed529e76f3dc9a91fc5e5a972ed269ab5700aac008d8c","Sprint 122 ??? Universal Operational Relationship Resolver Certification (SSOT)"
"sprint-123-universal-import-pipeline-diagnostics-and-observability-certification.md","4191","117","f34e2e75d44dab34e401d3cff8a25915065834280a1cb44fafd365cd23e437bd","Sprint 123 ??? Universal Import Pipeline Diagnostics & Observability Certification (SSOT)"
"sprint-124-universal-document-pattern-recognition-layer-certification.md","11579","417","f8cd62c81a2180da84b65f01c39ba3a640a6343db4f9c1263ed32cb4b185d867","Sprint 124 ??? Universal Document Pattern Recognition Layer (SSOT)"
"sprint-125-universal-document-anatomy-and-operational-intelligence-layer-certification.md","14805","571","168b0748a78702d2bddb8654921693aec30f281c19cf404375185677a4f7a16e","Sprint 125 ??? Universal Document Anatomy & Operational Intelligence Layer (SSOT)"
"sprint-126-universal-import-system-architectural-audit-and-simplification-certification.md","21820","396","2470946572e8c012eefda3fc72fabefccbfa5c9973b1632f650a45b480ab954a","Sprint 126 ??? Universal Import System Architectural Audit & Simplification Certification (SSOT)"
"sprint-127-universal-import-system-architectural-consolidation-certification.md","9691","207","7139c266f4507db28ddee51395d1c6877a9a291cc7a7e7b2f1ed890a6e418458","Sprint 127 ??? Universal Import System Architectural Consolidation Certification (SSOT)"
"sprint-128-business-document-structure-engine-certification.md","8521","224","98f69d36de7961352c18373c40a5e8a72654bfa267c66d1917ea2d2bdae23da4","Sprint 128 ??? Business Document Structure Engine & Operational Rules Certification (SSOT)"
"sprint-131-persistence-contract-alignment-certification.md","6443","218","1f1968627cc2d91e3faf2cf8ec1f449ab51067fc236aed68544b587dd5521b33","Sprint 131.1 ??? Persistence Boundary Sanitization & Operational Contract Isolation (SSOT)"
"sprint-131.2-persistence-boundary-recovery-certification.md","7932","214","eabc0df6cf4b3c885898bfdca3fc477164232124134f3a0d9d61b71441ef773d","Sprint 131.2 ??? Persistence Boundary Recovery & PDF Worker ESM Fix"
"sprint-131.3-operational-default-values-resolution-layer-certification.md","6901","227","500fe425127436f15cc462eaa063ef7e087999fd0f131b657881880a9ac9b67c","Sprint 131.3 ??? Operational Default Values Resolution Layer (SSOT)"
"sprint-131.4-operational-defaults-rules-refinement-certification.md","5071","199","e96527e0a44182a65f5627b2fa9bfdb927c22c9a4c43527ba5c29ca7875c9ea3","Sprint 131.4 ??? Operational Defaults Rules Refinement (SSOT)"
"sprint-131.5-operational-lot-resolution-engine-certification.md","4445","168","c2a58448e1ec4471bf706533d7993cedd1a808f75d176ff8f312d89e06e20c66","Sprint 131.5 ??? Operational Lot Resolution Engine Refinement (SSOT)"
"sprint-131.6-traceable-products-lot-assignment-rules-certification.md","4169","150","6ca51eb4c5a08efe4fac76c29036286ff2ab0b825ead90f5f7e492889bb209f4","Sprint 131.6 ??? Traceable Products Lot Assignment Rules (SSOT)"
"sprint-131.7-optional-lot-persistence-contract-certification.md","3508","132","146de83d32a03081938beb6fd0b8ed5b4e11e750e25c75b68e52fc8a0d558cb8","Sprint 131.7 ??? Optional Lot Persistence Contract Certification (SSOT)"
"sprint-131.8-universal-lot-recognition-normalization-rules-certification.md","4409","156","7ee78d9abb14738d3621072434f1518c0e7b6a30d717c9e187648e74c48ce2d9","Sprint 131.8 ??? Universal Lot Recognition & Normalization Rules (SSOT)"
"sprint-131.9-operational-intelligence-completion-layer-certification.md","4910","189","b667929f92ea87d1cde9d82c1f06bef9258c96f858f26f9ab95b106eb84603ea","Sprint 131.9 ??? Operational Intelligence Completion Layer (SSOT)"
"sprint-132-runtime-record-lifecycle-governance-audit.md","19055","426","5f18f19a57f1242994723a797ad34491321999fea152d2bf4b0726d1537043f7","Sprint 132 ??? Runtime Record Lifecycle Governance Audit & Performance Hardening (SSOT)"
"sprint-132.1-operational-record-actions-governance-audit.md","18516","399","ca792b0500b9a42d93ed740820c75031b907c88b5353a2871ada3e47f875754e","Sprint 132.1 ??? Operational Record Actions Governance Audit (SSOT)"
"sprint-132.1A-operational-runtime-governance-lifecycle-semantics-audit.md","42701","822","7e904f2f51675c3f8343a65a18a5c1b336b9c144f0fb536d9b3b6d5167607901","Sprint 132.1A ??? Operational Runtime Governance & Lifecycle Semantics Audit (SSOT)"
"sprint-132.1b-delete-pipeline-performance-audit.md","17297","385","002181322cf5a6f2ceffb0b91c07177e1e13f249800aa1e97bd0f48719b20d17","Sprint 132.1B ??? Operational Experience Delete Pipeline Performance Audit"
"sprint-132.1c-persistence-layer-bulk-operations-governance.md","19406","390","de3ab732234dbf3b14a57fee4d442823509e6ce569d037b1d85428c967e3a3e5","Sprint 132.1C ??? Persistence Layer Bulk Operations Governance Audit (SSOT)"
"sprint-132.1d-universal-bulk-operations-certification.md","6677","151","f02f1f2826204227b1e46dc4ec44de7ab2412bc8a181c660a3ca6f2a91bade39","Sprint 132.1D ??? Universal Bulk Operations Optimization & Persistence Scalability Certification (SSOT)"
"sprint-132.2-universal-pagination-certification.md","5402","150","671027c658479b3fb1ff4c9aaabffc662492a355ae03a6810f1f58b15aa7df38","Sprint 132.2 ??? Universal Operational Runtime Pagination & Large Dataset Governance (SSOT)"
"sprint-132.2a-import-pipeline-audit-certification.md","13814","326","c170894dce658d1e2f3a801028ae60d5baf904a856ff87b6f76c7a3a3c07d633","Sprint 132.2A ??? Dispatch Import Pipeline Runtime Audit & Active Layer Certification (SSOT)"
"sprint-132.3-dispatch-lot-resolution-pdf-evidence-audit.md","30897","658","b756b6bfe79b8edb69e74281c600812090d8679dc8dcdc804180ea3100d5640b","Sprint 132.3 ??? Dispatch Lot Resolution PDF Evidence Audit & Import Trace Certification (SSOT)"
"sprint-132.4-dispatch-lot-resolution-ssot-unification-certification.md","13521","351","fd4945c2bb940a9a78af84074374696ab1068ad65f86525a6ac9814bf6db7ddf","Sprint 132.4 ??? Dispatch Lot Resolution SSOT Unification & Single Source of Truth Certification (SSOT)"
"sprint-132.5-dispatch-lot-runtime-rendering-traceability-certification.md","17341","477","813e846946307e5e67e35b8848fb3d8fdd51774085a3b888d4ae244499e1f3b6","Sprint 132.5 ??? Dispatch Lot Runtime Rendering & Traceability Certification (SSOT)"
"sprint-132.6-universal-operational-runtime-action-visibility-responsive-ux-certification.md","9391","248","90ea1471b316ebec3b088c0a706003cbad7b2302b757fd805716a15d3a433b61","Sprint 132.6 ??? Universal Operational Runtime Action Visibility & Responsive UX Certification (SSOT)"
"sprint-132.7-configuration-workspace-performance-audit-certification.md","8822","192","eb0bd5955386bfbdd20caf0106de08d37218e64a6845eea1432c1d44fcc93f1b","Sprint 132.7 ??? Configuration Workspace Performance Audit (Certificaci??n)"
"sprint-132.8-configuration-workspace-performance-optimization-certification.md","9245","366","c92ee0c6400aff6929635df698e3ccbdd732cae39bca8abe80852963d3ecddbb","Sprint 132.8 ??? Configuration Workspace Performance Optimization & Parallel Loading Certification (SSOT)"
"sprint-132.9-module-workspace-performance-audit-certification.md","21524","502","a7fdc3100ac1c2721be2ae28d273fd6be8df5804329e8955e50b30f0394cb9a4","Sprint 132.9 ??? Module Workspace Performance Audit & Query Pipeline Certification (SSOT)"
"sprint-133.0-module-workspace-lightweight-read-pipeline-certification.md","12977","412","47501a56f4124a61105245f13ee0bf8dae890cf0382e07b1eb12d535f2151425","Sprint 133.0 ??? Module Workspace Lightweight Read Pipeline & Performance Optimization Certification (SSOT)"
"sprint-134.0-operational-intelligence-dashboard-architecture-certification.md","29535","566","a1060551d30a00f0760fe56bb2c4417c996b1163fadbde4a15fc2556ad43a4f6","Sprint 134.0 ??? Operational Intelligence Dashboard Architecture Audit & Certification (SSOT)"
"sprint-135.0-sgcdm-product-vision-operational-intelligence-core-certification.md","34687","691","b2d4372e4beed39f98a41805cbcae0d351e18514f3006ec5b23259f6a9e17263","Sprint 135.0 ??? SGC-DM Product Vision & Operational Intelligence Core Architecture Certification (SSOT)"
"sprint-136.0-periodicity-layer-core-operational-capability-certification.md","14626","541","8d4c278acc93483ec58bca2b23a5e61ac1ab70336657e8c8a93ae6356c6a08fc","Sprint 136.0 ??? Periodicity Layer: Core Operational Capability Architecture Certification (SSOT)"
"sprint-137.0-operational-intelligence-center-core-architecture-certification.md","23048","980","692cf5f80e5993762f921356e620dc2e88349ad6277e8203a1e4bce777279c4e","Sprint 137.0 ??? Operational Intelligence Center (OIC): Core Architecture Certification (MASTER SSOT)"
"sprint-138.0-expiration-engine-core-operational-capability-certification.md","25859","673","d5e908ee0b3756b8c7e6f1c23169753cc1e11763755b7af10a78f833fa9a327f","Sprint 138.0 ??? Expiration Engine: Core Operational Capability Architecture Certification (MASTER SSOT)"
"sprint-138.1-expiration-engine-architectural-governance-addendum.md","6730","298","c9492b13b12fc7b6086ec6dc49f15f9e4ba5c7a8e3d9cd538076d8de7c165ed5","Sprint 138.1 ??? Expiration Engine: Architectural Governance Adjustments (MASTER SSOT ADDENDUM)"
"sprint-138.2-expiration-engine-final-architectural-refinements.md","6815","323","2272b07ce2a553e22a712cb84e82b669a2fb5e7e0a820448939d3dd29a518e11","Sprint 138.2 ??? Expiration Engine: Final Architectural Refinements (MASTER SSOT ADDENDUM)"
"sprint-138.3-expiration-engine-core-governance-closure-addendum.md","5704","246","9c95c80cc0b04f3c1452edabf5271ecc592a86010bdf286e9748adb3f1c85987","Sprint 138.3 ??? Expiration Engine: Core Governance Closure Addendum (MASTER SSOT)"
"sprint-138.4-expiration-engine-contracts-policy-layer-governance-certification.md","10299","442","6ab11397c741ec18b7e9186fe2fe4c62ccc1edf5f9416fd224f4212bc0d30910","Sprint 138.4 ??? Expiration Engine: Contracts & Policy Layer Governance Certification (MASTER SSOT ADDENDUM)"
"sprint-138.5-expiration-engine-capability-interface-event-governance-certification.md","8421","267","19d5426e5fa3d892d7b8eb8315d5cd9cff371a0c44ff4beb56a1c27176441a98","Sprint 138.5 ??? Expiration Engine: Capability Interface & Event Governance Certification (MASTER SSOT ADDENDUM)"
"sprint-138.6-expiration-engine-final-core-governance-closure-certification.md","10551","396","2c83e55a894a40bda7c2efce9463cdd40cf5207fa6d5698a6bdf8825b5d5c6e2","Sprint 138.6 ??? Expiration Engine: Final Core Governance Closure Certification (MASTER SSOT ADDENDUM)"
"sprint-138.6a-expiration-engine-universal-capability-interface-core-infrastructure-alignment.md","10948","406","e9b15671106224b50b986bada71be9b2418139f269f294697f6c407e5a5d6236","Sprint 138.6A ??? Expiration Engine: Universal Capability Interface & Core Infrastructure Alignment (MASTER SSOT ADDENDUM)"
"sprint-138.6b-expiration-engine-capability-input-contract-governance-certification.md","4694","237","1683c02294bbfa5b88717ca416586661813d0bd3e2e670959dd9695d1eb30f81","Sprint 138.6B ??? Capability Input Contract Governance Certification (MASTER SSOT ADDENDUM)"
"sprint-139-compliance-engine-core-architecture-certification.md","9301","433","3be0668fa544b27c01df9e00f3b94da2c1d8c8b5ab4fd7b5993cf4abd234762d","Sprint 139 ??? Compliance Engine: Core Architecture Certification (MASTER SSOT)"
"sprint-139.0a-compliance-engine-domain-model-refinement-certification.md","7371","269","807ba784cd2fdb2b00c5c16d06be0ea35650ca50ba3831dc4d8786606f907d76",""
"sprint-139.0b-compliance-engine-evaluation-domain-intelligence-governance-certification.md","6832","286","7398092ed76c8057a0b54a79fe8e1b53cf72d1cca2a4e38df415a2aad160e883","Sprint 139.0B ??? Compliance Engine: Evaluation & Domain Intelligence Governance Certification (MASTER SSOT ADDENDUM)"
"sprint-139.0c-compliance-engine-capability-isolation-input-governance-certification.md","4798","208","19c9dee822fde32502bceee78064c68f9275beb7f0419083f7838514d0a4186d","Sprint 139.0C ??? Compliance Engine: Capability Isolation & Input Governance Certification (MASTER SSOT ADDENDUM)"
"sprint-139.0d-compliance-engine-input-contract-ownership-status-interpretation-governance-certification.md","8250","306","d541d4ba2ce2684651b8f1a3356e4cbfc7c8829b8c82788c105d7f87ff1b04cc","Sprint 139.0D ??? Compliance Engine: Input Contract Ownership & Status Interpretation Governance Certification (MASTER SSOT ADDENDUM)"
"sprint-140-indicator-engine-core-architecture-certification.md","8331","412","fb5bb199cbafa2534e1b37979a36c18b02b623bd15138773af7b7613d24ab57f","Sprint 140 ??? Indicator Engine: Core Architecture Certification (MASTER SSOT)"
"sprint-140.0a-indicator-engine-domain-model-refinement-certification.md","6615","253","84455c4b223f1d18ad5d89c127fc2388511ea0215d6367625ab2610ef85cc1c7","Sprint 140.0A ??? Indicator Engine: Domain Model Refinement Certification (MASTER SSOT ADDENDUM)"
"sprint-140.0b-indicator-engine-evaluation-domain-intelligence-governance-certification.md","4171","181","a4981b87f73a36fea52fb54c13d0d00a79ddd3bbe50f75827d589914b5a54e78","Sprint 140.0B ??? Indicator Engine: Evaluation & Domain Intelligence Governance Certification (MASTER SSOT ADDENDUM)"
"sprint-140.0c-indicator-engine-capability-isolation-input-governance-certification.md","5404","223","37fc5e42cd0d3408168259c87f0246901023b83aec4ed2b4994decbd8237f412","Sprint 140.0C ??? Indicator Engine: Capability Isolation & Input Governance Certification (MASTER SSOT ADDENDUM)"
"sprint-140.0d-indicator-engine-input-contract-ownership-status-interpretation-governance-certification.md","7078","270","9b9a411c5cfb039605776fc658530a7a9b92c9a0f9982ad477532e92f0092055","Sprint 140.0D ??? Indicator Engine: Input Contract Ownership & Status Interpretation Governance Certification (MASTER SSOT ADDENDUM)"
"sprint-141-expiration-engine-core-architecture-certification.md","7845","392","c9a36d796108e5c9da452ab1b2254df6d20429a6ca623de7cb42a212293af40d","Sprint 141 ??? Expiration Engine: Core Architecture Certification (MASTER SSOT)"
"sprint-141.0a-expiration-engine-domain-model-refinement-certification.md","6424","239","37cc7e8e907f33ccb9d41118b696d07c1fe17f621ae63d27ba80117ae1aead6b","Sprint 141.0A ??? Expiration Engine: Domain Model Refinement Certification (MASTER SSOT ADDENDUM)"
"sprint-141.0b-expiration-engine-evaluation-domain-intelligence-governance-certification.md","6018","232","f156eaffc84d509986e49891f79a35a7bba8da8518e935f401253c2043097c52","Sprint 141.0B ??? Expiration Engine: Evaluation & Domain Intelligence Governance Certification (MASTER SSOT ADDENDUM)"
"sprint-141.0c-expiration-engine-capability-isolation-input-governance-certification.md","5486","226","e94a9f89d9d9cc1c14d756e4e84d8c24410999ea47aee6d59b34dc43752e5d81","Sprint 141.0C ??? Expiration Engine: Capability Isolation & Input Governance Certification (MASTER SSOT ADDENDUM)"
"sprint-141.0d-expiration-engine-input-contract-ownership-status-interpretation-governance-certification.md","7149","278","fda5dd7515245061c1a4dc0da7bf54081e1dd71c3e173bbd3cec89dda5ae7a92","Sprint 141.0D ??? Expiration Engine: Input Contract Ownership & Status Interpretation Governance Certification (MASTER SSOT ADDENDUM)"
"sprint-142-compliance-engine-core-architecture-certification.md","8106","406","2f2575db513034cea7acfc2040a5f47ba333a0a2458f2053ceaaf58800b79278","Sprint 142 ??? Compliance Engine: Core Architecture Certification (MASTER SSOT)"
"sprint-142.0a-compliance-engine-domain-model-refinement-certification.md","6646","244","1048585530ad0d247f62cc2456c84804dc1320a72adc8b361b206542d9f80b13","Sprint 142.0A ??? Compliance Engine: Domain Model Refinement Certification (MASTER SSOT ADDENDUM)"
"sprint-142.0c-compliance-engine-capability-isolation-input-governance-certification.md","5517","226","17a76d75c37fd2865f419b07dbd9b5f21801fca98983aaba4339bca24376cf5e","Sprint 142.0C ??? Compliance Engine: Capability Isolation & Input Governance Certification (MASTER SSOT ADDENDUM)"
"sprint-142.0c-r1-compliance-engine-governance-closure-alignment-refinement.md","5737","240","6ad05a34bfada53247617b0b37ad070354412781aac566ed7b8e473a89f0b6c9","Sprint 142.0C-R1 ??? Compliance Engine: Governance Closure Alignment Refinement (MASTER SSOT ADDENDUM)"
"sprint-142.0d-compliance-engine-input-contract-ownership-status-interpretation-governance-certification.md","7252","284","b3459472d2205e546748b3a961298ab3f4bf6615a9dfe961d23e1561547d7c01","Sprint 142.0D ??? Compliance Engine: Input Contract Ownership & Status Interpretation Governance Certification (MASTER SSOT ADDENDUM)"
"sprint-142.r1-compliance-engine-conceptual-model-refinement.md","3861","150","5365abcfcb8b70f83366901e9a38ab3be0422d0ce50beb5b21e4727e1b813fe6","Sprint 142.R1 ??? Compliance Engine: Conceptual Model Refinement (MASTER SSOT PRE-CERTIFICATION)"
"sprint-143.0-operational-score-engine-core-architecture-certification.md","7303","378","95426c8b38fc618c28d71c88c5497ea8541be4aad5cf303157466427fb3823a0","Sprint 143 ??? Operational Score Engine: Core Architecture Certification (MASTER SSOT)"
"sprint-143.0a-operational-score-engine-domain-model-refinement-certification.md","6762","247","1b7a79f122f7452ebc6f849b6c112c36ecd7b94f31553177a2c137fd95f36658","Sprint 143.0A ??? Operational Score Engine: Domain Model Refinement Certification (MASTER SSOT ADDENDUM)"
"sprint-143.0b-operational-score-engine-evaluation-model-domain-intelligence-governance-certification.md","5570","219","a8da82640f43014e6c04b7f2fdfff27293d35720b3313771f1c32477c103b6ef","Sprint 143.0B ??? Operational Score Engine: Evaluation Model & Domain Intelligence Governance Certification (MASTER SSOT ADDENDUM)"
"sprint-143.0c-operational-score-engine-capability-isolation-input-governance-certification.md","4809","211","cc3b8851352872bb7a0a103f70bd24d5ce7abac35a4999478392de590ff34d07","Sprint 143.0C ??? Operational Score Engine: Capability Isolation & Input Governance Certification (MASTER SSOT ADDENDUM)"
"sprint-143.0d-operational-score-engine-input-contract-ownership-status-interpretation-governance-certification.md","6305","248","a725c97fe9f993e0e9ad5d5401aeb23290767a20703adb92e5dfc32af80dffe2","Sprint 143.0D ??? Operational Score Engine: Input Contract Ownership & Status Interpretation Governance Certification (MASTER SSOT ADDENDUM)"
"sprint-143.0d-r1-operational-score-engine-governance-closure-alignment-refinement.md","5079","183","12ee2f7ff48a6c6c1d45170430870be833c8f7abb54c2f8473287e5c2bc59005","Sprint 143.0D-R1 ??? Operational Score Engine: Governance Closure Alignment Refinement (MASTER SSOT ADDENDUM)"
"sprint-143.aud-operational-experiences-capability-reuse-audit.md","15883","391","2403e39fb66363d42304b805dea62bfd38e287eaf9dc1d4d001677a0c6504098","Sprint 143.AUD ??? Operational Experiences & Capability Reuse Audit (MASTER SSOT)"
"sprint-143.r1-operational-score-engine-architectural-consistency-domain-generalization-refinement.md","5313","240","7eadb576965e4b4ec806c11ddb2b256cf6d714505f7835baef0704668d497d7b","Sprint 143.R1 ??? Operational Score Engine: Architectural Consistency & Domain Generalization Refinement (MASTER SSOT PRE-CERTIFICATION)"
"sprint-144.0-alert-capability-core-capability-certification.md","7520","526","9f84cd97193db1dfc771bde748b32fd89fbf4bf9bff217170a886403ee466a56","Sprint 144 ??? Alert Capability: Core Capability Certification (MASTER SSOT)"
"sprint-144.0a-alert-configuration-domain-certification.md","7239","464","c38e0c2512757c032ebbbe5cf30b4bf0586b53282f0bc22c37a9546a6abfe0f7","Sprint 144.0A ??? Alert Configuration Domain Certification (MASTER SSOT)"
"sprint-144.0a-r1-alert-configuration-domain-governance-alignment-refinement.md","5139","307","79f907e154a6b00a7efcb3ff1da895cd7b65d940e6b591ea150c7bc34ddb6f18","Sprint 144.0A-R1 ??? Alert Configuration Domain: Governance Alignment Refinement (MASTER SSOT)"
"sprint-144.0a-r2-alert-configuration-representation-contract-boundary-governance.md","4131","250","0c4ddfb61f067aff850182f355f84ae2bc2218a876fc792e1d86d2cd3b12fce6","Sprint 144.0A-R2 ??? Alert Configuration Representation & Contract Boundary Governance (MASTER SSOT)"
"sprint-144.0b-alert-configuration-contracts-certification.md","7442","589","ca032a78f56268e3ba2c3257c819feefb9061b9b88d5e637ec8f3bec6da4334a","Sprint 144.0B ??? Alert Configuration Contracts Certification (MASTER SSOT)"
"sprint-144.0b-r1-alert-configuration-contracts-governance-compatibility-evolution-refinement.md","4857","313","6d9303a512f678fcd2f3f003a4fdfb9ad2f39421fe9ce68ed8b4c6d57e2a73b3","Sprint 144.0B-R1 ??? Alert Configuration Contracts: Governance, Compatibility & Evolution Refinement (MASTER SSOT)"
"sprint-144.0c-alert-input-contract-certification.md","5314","393","1febbdd4f482d577078af6498aefab3c04d237cf697cd605d0b90dae02a7ab77","Sprint 144.0C ??? Alert Input Contract Certification (MASTER SSOT)"
"sprint-144.0c-r1-alert-input-contract-governance-evolution-boundary-refinement.md","4779","325","af47747247d8bf9ebb660471c394c1735723c876de2438ffbdb0fff60ee03aa5","Sprint 144.0C-R1 ??? Alert Input Contract: Governance, Evolution & Boundary Refinement (MASTER SSOT)"
"sprint-144.0d-alert-capability-final-governance-closure.md","7729","388","42bda0eadc35cfdc3c7e1e290624837e43ce8c3c6d82b24b99612ee313f7f37d","Sprint 144.0D ??? Alert Capability Final Governance Closure (MASTER SSOT)"
"sprint-144.1-alert-evaluation-domain-certification.md","4841","336","9cf8a1b89003b500d611a8c9b2834bbf97421d9ecaf298fe5caaa31ef99ca934","Sprint 144.1 ??? Alert Evaluation Domain Certification (MASTER SSOT)"
"sprint-144.1-r1-alert-evaluation-domain-governance-evolution-intelligence-boundary-refinement.md","4762","281","7feddb2eaa8635c421f60a23573b82b7f47b905fc49a6185da7fc599d0921193","Sprint 144.1-R1 ??? Alert Evaluation Domain: Governance, Evolution & Intelligence Boundary Refinement (MASTER SSOT)"
"sprint-144.2-alert-status-domain-certification.md","6015","400","6cc1387e64da9496b9187c107e822259b28bb9b19c12ee2c54d48807605f0127","Sprint 144.2 ??? Alert Status Domain Certification (MASTER SSOT)"
"sprint-144.2-r1-alert-status-domain-governance-evolution-operational-interpretation-refinement.md","5295","329","2ca2c5b43f720f19788acce85c290af704b302f2885f3fbef2fe4a0dde76a38d","Sprint 144.2-R1 ??? Alert Status Domain: Governance, Evolution & Operational Interpretation Refinement (MASTER SSOT)"
"sprint-144.2a-alert-status-contracts-certification.md","7454","601","c8022829442259a9368738a198812148e3c6b8c161cfe55d1f1b76bd6c1be9d1","Sprint 144.2A ??? Alert Status Contracts Certification (MASTER SSOT)"
"sprint-144.2a-r1-alert-status-contracts-governance-evolution-representation-boundary-refinement.md","5541","349","5999d6ee45cddda804d8eb2d84a90a6f4a5791f999d9a9f02fecbbf59a682c49","Sprint 144.2A-R1 ??? Alert Status Contracts: Governance, Evolution & Representation Boundary Refinement (MASTER SSOT)"
"sprint-144.3-capability-events-domain-certification.md","5857","386","5df6c1f7bc29e82715560400f7b32d645945bb96d2f4c9118bfaa1bf5c5df2a2","Sprint 144.3 ??? Capability Events Domain Certification (MASTER SSOT)"
"sprint-144.3-r1-capability-events-domain-governance-evolution-event-boundary-refinement.md","5365","333","ed4bf45010099ff79af47cabb1b1d5ffa79c551d9c9d1dd639169ba1080315f6","Sprint 144.3-R1 ??? Capability Events Domain: Governance, Evolution & Event Boundary Refinement (MASTER SSOT)"
"sprint-144.3a-capability-event-contracts-certification.md","7589","605","b00250610cf05f5fcb083f659e8e98fd2813ffd20686acd00e677a082a49a327","Sprint 144.3A ??? Capability Event Contracts Certification (MASTER SSOT)"
"sprint-144.3a-r1-capability-event-contracts-governance-evolution-representation-boundary-refinement.md","8225","518","2b20d78ef867489dd35d00c58de5487b5783a6cf79cfd5aa916f507314fdf4dc","Sprint 144.3A-R1 ??? Capability Event Contracts: Governance, Evolution & Representation Boundary Refinement (MASTER SSOT)"
"sprint-144.4-capability-contracts-certification.md","6531","457","9fd5bd3f067f2bf3a0dae8c33bcccfbfad703f87b1a4929b21c7657789e8d554","Sprint 144.4 ??? Capability Contracts Certification (MASTER SSOT)"
"sprint-144.4-r1-capability-contracts-governance-evolution-boundary-refinement.md","8380","516","73377926c872466f4e8c328f1c8873cd3fd05a1f5cba818fe59aabd40628fca4","Sprint 144.4-R1 ??? Capability Contracts: Governance, Evolution & Boundary Refinement (MASTER SSOT)"
"sprint-144.4-r2-capability-contracts-universal-surface-governance-composition-refinement.md","7597","504","95583666c65d9b5808246c18780219f3e46e0161f8d1ccdf4b43970de94259bf","Sprint 144.4-R2 ??? Capability Contracts: Universal Surface Governance & Capability Composition Refinement (MASTER SSOT)"
"sprint-144.5-alert-capability-final-architecture-certification.md","5830","398","52b05a251ebe1af62d8a09ec0c19acbe8309cc4c6f36ad34d79241cbb853d30e","Sprint 144.5 ??? Alert Capability Final Architecture Certification (MASTER SSOT)"
"sprint-144.5-r1-alert-capability-final-governance-refinement.md","7818","517","457ae893ea6aca078a9c61975b80a644e113c84982f3b8ff88af0643e872422d","Sprint 144.5-R1 ??? Alert Capability Final Governance Refinement (MASTER SSOT)"
"sprint-144.6-alert-capability-final-closure-governance-lock-certification.md","7563","551","b79d93ba8b549e4997f7a892ad446d1b4e51be1ead81fe0c6bc8e8063931679d","Sprint 144.6 ??? Alert Capability Final Closure & Governance Lock Certification (MASTER SSOT)"
"sprint-144.6-r1-alert-capability-governance-preservation-architectural-integrity-certification.md","7240","450","f0b6a5228f40ed4f4f01a7a6b2b4afbdf3136d5dd20a067d8b26dcdd91621bc7","Sprint 144.6-R1 ??? Alert Capability Governance Preservation & Architectural Integrity Certification (MASTER SSOT)"
"sprint-144.6-r10-alert-capability-governance-reference-model-universal-capability-standard-certification.md","7770","571","8f014b62a4166ac31d2a877e39479f78aa68971249599f9c723794320a9d050c","Sprint 144.6-R10 ??? Alert Capability Governance Reference Model & Universal Capability Standard Certification (MASTER SSOT)"
"sprint-144.6-r11-alert-capability-universal-governance-template-capability-replication-certification.md","6302","530","f4faad6f7ce241f69fd6f9b0fed161d1a0af506f0297c2844774af39dc4f6fb4","Sprint 144.6-R11 ??? Alert Capability Universal Governance Template & Capability Replication Certification (MASTER SSOT)"
"sprint-144.6-r2-alert-capability-architectural-immutability-future-extension-governance-certification.md","8536","601","35d8b2b3783180c082b12350161bd3460a961c08e91230153b39c27e81a3bbb8","Sprint 144.6-R2 ??? Alert Capability Architectural Immutability & Future Extension Governance Certification (MASTER SSOT)"
"sprint-144.6-r3-alert-capability-certified-extension-framework-governance-admission-certification.md","7235","462","6a38e41846181b032650bd00a06e9f6360e7bda0cdfdda6a6adfb94d2e8b7b78","Sprint 144.6-R3 ??? Alert Capability Certified Extension Framework & Governance Admission Certification (MASTER SSOT)"
"sprint-144.6-r4-alert-capability-architectural-admission-certified-extension-lifecycle-certification.md","6622","424","8f37f8c2bd45f055990f7eedc296734496d53af1d6c50ac5dc33dc0051f4238e","Sprint 144.6-R4 ??? Alert Capability Architectural Admission & Certified Extension Lifecycle Certification (MASTER SSOT)"
"sprint-144.6-r5-alert-capability-architectural-authority-extension-admission-governance-certification.md","6268","377","56fbda1f176258a0e9856b25baae564337a96538266e41784cdd1c8de23aea5b","Sprint 144.6-R5 ??? Alert Capability Architectural Authority & Extension Admission Governance Certification (MASTER SSOT)"
"sprint-144.6-r5.1-alert-capability-architectural-authority-hardening-governance-determinism-certification.md","8776","564","22525e137fd1615ca2ae69dcb87565c5afdf5549b8cac4df7fc4ab2bda33224b","Sprint 144.6-R5.1 ??? Alert Capability Architectural Authority Hardening & Governance Determinism Certification (MASTER SSOT)"
"sprint-144.6-r6-alert-capability-governance-constitution-architectural-continuity-certification.md","7871","579","7fee185592c3e48251ad00c40dd7904d19d6e75af33f3ff17f882b677d9a8925","Sprint 144.6-R6 ??? Alert Capability Governance Constitution & Architectural Continuity Certification (MASTER SSOT)"
"sprint-144.6-r7-alert-capability-architectural-maturity-governance-completeness-certification.md","7674","548","c3d664b632320f95390d6db59d3ac07d8f3c71546566be9ef42fd604786d2af3","Sprint 144.6-R7 ??? Alert Capability Architectural Maturity & Governance Completeness Certification (MASTER SSOT)"
"sprint-144.6-r8-alert-capability-architectural-invariants-governance-enforcement-certification.md","8063","545","67e73d987712533994ab7ee22b2f5c128740662930dee37bdd68f6fce94db37d","Sprint 144.6-R8 ??? Alert Capability Architectural Invariants & Governance Enforcement Certification (MASTER SSOT)"
"sprint-144.6-r9-alert-capability-continuous-governance-validation-architectural-compliance-assurance-certification.md","7841","571","8db6226a40f8c7fe2c37e7faff91b8b55a337052f12f4b46bb932fc71d87d577","Sprint 144.6-R9 ??? Alert Capability Continuous Governance Validation & Architectural Compliance Assurance Certification (MASTER SSOT)"
"sprint-144.r1-alert-capability-governance-alignment-domain-generalization-refinement.md","6618","344","899bf73474ee73a3d8a1ac6b3c84c741bf6c8aa8cf94fb91314f7aae0950f830","Sprint 144.R1 ??? Alert Capability: Governance Alignment & Domain Generalization Refinement (MASTER SSOT)"
"sprint-145-alert-capability-operational-foundation-certification.md","4185","339","c0a8643bd5476d21ffec9ee35f5c827bc6b18a735635a8f6c8f8a558287a6799","Sprint 145 ??? Alert Capability Operational Foundation Certification (MASTER SSOT)"
"sprint-146-alert-capability-runtime-activation-governance-certification.md","4576","368","c25cf00f9cc29e2cbc94f8c9f54b84a896655f8a281abb73075b4248acfd44ab","Sprint 146 ??? Alert Capability Runtime Activation Governance Certification (MASTER SSOT)"
"sprint-147-alert-capability-event-architecture-governance-certification.md","5297","445","14e0b9a0d1d49b92e815a7f3de1ff5296f2c6406c06ce4b6bec04c23a526033b","Sprint 147 ??? Alert Capability Event Architecture Governance Certification (MASTER SSOT)"
"sprint-148-alert-capability-decision-engine-governance-certification.md","5024","426","e0c04eb656ecdc2983e0bcc4064132a20645e7c76dc21f56b051224a9ff7ad16","Sprint 148 ??? Alert Capability Decision Engine Governance Certification (MASTER SSOT)"
"sprint-149-alert-capability-policy-governance-certification.md","4885","446","5999b408af794d6fdcf699c8ce3c46ea4a0d622f45413794c87b8d47f997a426","Sprint 149 ??? Alert Capability Policy Governance Certification (MASTER SSOT)"
"sprint-150-alert-capability-response-governance-certification.md","5978","516","d3997ad2f277a33e57d18c60aaf1a2c056c283d9b65b36329c46fd857bbee96d","Sprint 150 ??? Alert Capability Response Governance Certification (MASTER SSOT)"
"sprint-151-alert-capability-operational-domain-architecture-implementation.md","6121","313","1224fb3431d5ebe88d4e27e9f5d46709dcd825c9fde62a6d59daac59bf69085e","Sprint 151 ??? Alert Capability Operational Domain Architecture Implementation (MASTER SSOT v2)"
"sprint-151.1-alert-capability-operational-foundation-refinement-structural-hardening.md","6228","473","e962851546c8f97656cec43adf2d329f586f0afb0b819cf8b7850450668f5897","Sprint 151.1 ??? Alert Capability Operational Foundation Refinement & Structural Hardening (MASTER SSOT FINAL)"
"sprint-152-alert-capability-contract-architecture-implementation.md","7296","563","9c22a54101bba1c824924eea44da829eeb506c909b0a80a1c3ebac7669d72aa9","Sprint 152 ??? Alert Capability Contract Architecture Implementation (MASTER SSOT FINAL)"
"sprint-153-alert-capability-registry-integration-preparation.md","6170","456","1205ad5ff2e0acdd1f76e2b8225dd68751ab74072093b49a0e95190935780121","Sprint 153 ??? Alert Capability Registry Integration Preparation (MASTER SSOT FINAL)"
"sprint-154-alert-capability-runtime-integration-foundation.md","5322","343","536a2879cd423185d955fd0d063dee97a1293c80c516a99700adcb6f81322eaf","Sprint 154 ??? Alert Capability Runtime Integration Foundation (MASTER SSOT FINAL)"
"sprint-155-alert-capability-event-consumption-foundation.md","5283","364","2bd30391869b57bd0315f6ec1f597030dee9d4a5090a1273f1b85252ca492ccb","Sprint 155 ??? Alert Capability Event Consumption Architecture Foundation (MASTER SSOT FINAL)"
"sprint-156-alert-capability-decision-context-foundation.md","5162","368","7515d9601161d570b1c543c9cdce65b536112d02941af396338e096d255d79ee","Sprint 156 ??? Alert Capability Decision Context Architecture Foundation (MASTER SSOT FINAL)"
"sprint-157-alert-capability-policy-evaluation-foundation.md","6035","475","6d886593e5728af53b7091aee38569de73e2c4259a036a49d64491d0185d1ac8","Sprint 157 ??? Alert Capability Policy Evaluation Architecture Foundation (MASTER SSOT FINAL)"
"sprint-158-alert-capability-response-architecture-foundation.md","6675","506","341f64e066fac4a790346c0d3f7570b761d61b4bb86f4a7b0cbf52e95ec289b3","Sprint 158 ??? Alert Capability Response Architecture Foundation (MASTER SSOT FINAL)"
"sprint-159-alert-capability-operational-readiness-consolidation.md","7984","547","6166689550800d6c61a060bd8b8a2b756cff2eddfd51ec67e84edec1a2ed58a8","Sprint 159 ??? Alert Capability Operational Readiness Consolidation (MASTER SSOT FINAL)"
"sprint-160-alert-capability-activation-governance-foundation.md","7652","596","32e869afed42d3e21933a4fcf901a6834d456e20a231c9a2bf8b821d96ae3e10","Sprint 160 ??? Alert Capability Activation Governance Foundation (MASTER SSOT FINAL)"
"sprint-161-alert-capability-registry-registration-foundation.md","6600","516","a4d9dbc8d8778c00f6533f84c17584050668c206aa90409fe51ff58d0ac96844","Sprint 161 ??? Alert Capability Registry Registration Foundation (MASTER SSOT FINAL)"
"sprint-162-alert-capability-architecture-consolidation.md","9951","645","eed844585606f91935a2c79225f7df2ed8287c855bbd9d7703f9fb6f41eae35b","Sprint 162 ??? Alert Capability Architecture Consolidation & Integration Readiness Certification (MASTER SSOT FINAL)"
"sprint-163-alert-capability-controlled-activation-design.md","8127","616","b235b61b072d8f6f0697c875e97a39fa6a486869902137161eccc561a6ef66b6","Sprint 163 ??? Alert Capability Controlled Activation Design (MASTER SSOT FINAL)"
"sprint-164-alert-capability-integration-design-foundation.md","8214","618","4ae41e4a2b5b8e976e4d127e938164529cc15f498237b2d9fe891eb7bae1e536","Sprint 164 ??? Alert Capability Integration Design Foundation (MASTER SSOT FINAL)"
"sprint-165-alert-capability-ecosystem-architecture-consolidation.md","7690","558","e6bbd7270868360cf92bdd4663b2724cf24ca83e5b81ea0e0590d7ecd65c9d8f","Sprint 165 ??? Alert Capability Ecosystem Architecture Consolidation (MASTER SSOT FINAL)"
"sprint-166-alert-capability-architectural-governance-master-certification.md","7257","583","38a16a362b63ae1a2009aeb0d8c3e467624a1ac3d4590a3fdb89eab1a9cfb94d","Sprint 166 ??? Alert Capability Architectural Governance Master Certification (MASTER SSOT FINAL)"
"sprint-167-alert-capability-controlled-activation-implementation.md","6816","532","a06f56aa26ea954de407d45f3d772646ea001371869647cb9df77e3fb65bb179","Sprint 167 ??? Alert Capability Controlled Activation Implementation (MASTER SSOT FINAL)"
"sprint-168-alert-capability-controlled-registry-integration.md","7038","535","32ddb51b50b5b366a87383cad617561c30e64867810c0f212597c0b2302441bf","Sprint 168 ??? Alert Capability Controlled Registry Integration Implementation (MASTER SSOT FINAL)"
"sprint-169-alert-capability-controlled-runtime-exposure.md","7271","539","7d60b6c7764086785165944c1a6d2af92d5f469e9139a84c1b0c9f86ee83d2e0","Sprint 169 ??? Alert Capability Controlled Runtime Exposure Implementation (MASTER SSOT FINAL)"
"sprint-169-dashboard-architecture-audit-ux-consolidation.md","13643","197","023f235e08cb4437835edc615a119d729fe01c1ea5f4e781b259db6b807e102c","SPRINT 169 ??? Dashboard Architecture Audit & UX Consolidation (SSOT)"
"sprint-170-alert-capability-controlled-event-consumption.md","7629","558","43634940082ee55cb9b52d3d85d7547df8c98c8cdc7abbe62ae43743acb7f7c6","Sprint 170 ??? Alert Capability Controlled Event Consumption Implementation (MASTER SSOT FINAL)"
"sprint-171-alert-capability-controlled-decision-context.md","8103","593","45d4f276263b97fe0bec32b8850e10bb0363ea0e3050d86f4fdf2c1fca590bbd","Sprint 171 ??? Alert Capability Controlled Decision Context Implementation (MASTER SSOT FINAL)"
"sprint-172-alert-capability-controlled-policy-evaluation.md","8350","605","9544e7cf370ea2c05066eb4d6437524c5295c3f2bdea4226d8aedfd4d84d8523","Sprint 172 ??? Alert Capability Controlled Policy Evaluation Preparation (MASTER SSOT FINAL)"
"sprint-173-alert-capability-controlled-response-preparation.md","8577","611","394422c6cedb3b6b058a41ca3f342fe91626042561a25d8d96358b1d5c3ac1e1","Sprint 173 ??? Alert Capability Controlled Response Preparation (MASTER SSOT FINAL)"
"sprint-174-alert-capability-operational-integration-completion.md","6422","458","043df7c5398f379e95324dca8fe92f48403389b668d4ff33a0dbfb0a56352c8c","Sprint 174 ??? Alert Capability Operational Integration Completion (MASTER SSOT FINAL)"
"sprint-174b-alert-capability-runtime-integration-module-assignment.md","9176","658","c4215517318cb65749d409744db098cd81618fb06dfa38f8cad423267dd5fc9c","Sprint 174b ??? Alert Capability Runtime Integration & Module Assignment Foundation (MASTER SSOT FINAL)"
"sprint-175-alert-capability-operational-rendering-enterprise-activation.md","7810","546","104f4dc04c667ac7e22485d07634c6b45eb0c7c43785b76aa11729dda29db5f9","Sprint 175 ??? Alert Capability Operational Rendering & Enterprise Activation (MASTER SSOT FINAL)"
"sprint-176-alert-capability-experience-registration-runtime-resolution.md","10842","808","42f51b752c8f05e0cd90e80f02c3ae7a53fe9b3d19d449b2d5a3c2932bcc35fa","Sprint 176 ??? Alert Capability Operational Experience Registration & Runtime Resolution (MASTER SSOT FINAL)"
"sprint-177-alert-capability-experience-exposure-module-configuration.md","8140","414","528f9b4fde355d919d8bf8be4a87f4c6f5561a677616f628cb90ede091d21519","Sprint 177 ??? Alert Capability Operational Experience Exposure & Module Configuration Integration (MASTER SSOT FINAL)"
"sprint-178-alert-capability-dynamic-runtime-binding-renderer-integration.md","8172","516","23c09e2863c77a1fd9abe0851ced4af66581d13c554212e51c286d5d12a7b521","Sprint 178 ??? Alert Capability Dynamic Runtime Binding & Renderer Integration (MASTER SSOT FINAL)"
"sprint-179-alert-capability-enterprise-activation-operational-validation.md","10048","342","c84f5b7c8b51192852308195173500b6f1071dfff31231f272b3ec3a5e876dcc","Sprint 179 ??? Alert Capability Enterprise Activation & Operational Validation (MASTER SSOT FINAL)"
"sprint-180-alert-capability-operational-configuration-runtime-alert-consumption.md","8695","356","3c17b45cefab0743d2f2a093458161cc67e07160f6b674b262d816a2730253e7","Sprint 180 (iteraci??n 2) ??? Alert Capability Operational Configuration & Runtime Alert Consumption (MASTER SSOT FINAL)"
"sprint-180-alert-capability-operational-configuration-runtime-consumption-audit.md","5776","138","fc5fa41a13adc7c16ada62e07bfa68582c72d020120e595ed6266cab182cbd6d","Sprint 180 ??? Alert Capability Operational Configuration & Runtime Consumption Audit (RUNTIME CONSOLIDATION CERTIFIED)"
"sprint-180-alert-capability-runtime-consumption-layer-operational-renderer-integration.md","9310","409","022cc9728d9372a2bb41def814dd8ab70b3c44f52e1f78ab3d2389afa14e74c2","Sprint 180 ??? Alert Capability Runtime Consumption Layer & Operational Renderer Integration (MASTER SSOT FINAL)"
"sprint-180-r-alert-capability-operational-configuration-runtime-consumption-refinement.md","4884","127","c12ce59c5db3369c4ececf49ee85ff1f4ef1074e55cd6fd3857d585d41aa81e7","Sprint 180-R ??? Alert Capability Operational Configuration & Runtime Consumption Refinement"
"sprint-181-alert-capability-operational-visibility-integration.md","3869","96","f001a6dfd647c5e5645fa3af5e666faa62945eb7d096baf35a896449e8fb33d9","Sprint 181 ??? Alert Capability Operational Visibility Integration (MASTER SSOT FINAL)"
"sprint-181-alert-capability-operational-workspace-context-navigation.md","3898","99","42e13ca0eecff27fbf12fefcb0c71044bfc0a92a31b3c4998cc1176100007a71","Sprint 181 ??? Alert Capability Operational Workspace & Context Navigation (MASTER SSOT FINAL)"
"sprint-182-alert-capability-operational-workspace-context-navigation.md","5347","131","b1ff41edbc7335337a0bc9fe7d93c3ab543710dc58634c5c0db41ae671d1e2fe","Sprint 182 ??? Alert Capability Operational Workspace & Context Navigation (MASTER SSOT FINAL)"
"sprint-182-r-alert-capability-operational-workspace-refinement.md","4243","129","b8a9300d95178828b074bcc8794f712c786060e7d519449d1a50c8cf8607c2a0","Sprint 182-R ??? Alert Capability Operational Workspace Refinement (MASTER SSOT FINAL)"
"sprint-183-alert-capability-level-4-close-out-end-to-end-certification.md","8063","162","44ed6ab5bb8f536dfd1d836b2f8a70fd317b5adc830ee2290b1e6ec1ec534a70","Sprint 183 ??? Alert Capability Level 4 Close-Out & End-to-End Operational Certification (MASTER SSOT FINAL)"
"sprint-184-alert-capability-operational-ui-consumption-finalization.md","7726","136","42c575be010ccf7be339445d942f667e0ddb57706e442cd7c2162456580a8812","Sprint 184 ??? Alert Capability Operational UI Consumption Finalization (MASTER SSOT LEVEL 4)"
"sprint-185-alert-capability-operational-runtime-binding-finalization.md","7923","134","9a52fd934aa24f67f43bde78988f3510578542eb18dfc7d08245a666b8e9f643","Sprint 185 ??? Alert Capability Operational Runtime Binding Finalization (MASTER SSOT LEVEL 4)"
"sprint-186-alert-capability-operational-resource-integrity-audit.md","6558","95","f4bd895935eb4c863ef3b73ebee56a8da32189ebd39827e0280de10b9a8f79db","Sprint 186 ??? Alert Capability Operational Resource Integrity Audit (MASTER SSOT LEVEL 4)"
"sprint-187-alert-capability-operational-navigation-consolidation.md","5071","104","548c4ab796048df2d3bccc52fcf217f82ae28519eeef1010ebbc890f1687956f","Sprint 187 ??? Alert Capability Operational Navigation Consolidation (MASTER SSOT LEVEL 4)"
"sprint-188-alert-capability-route-resolution-existing-navigation-binding-certification.md","6373","100","71b14a4275b11fed53e16cdf382a8f0c566f40703af6fb1822823b8ca56ca729","Sprint 188 ??? Alert Capability Route Resolution & Existing Navigation Binding Certification (MASTER SSOT LEVEL 4)"
"sprint-189-alert-capability-context-navigation-decoupling.md","5504","130","1ac5ade9c23daed57728ea8197d2d37da317d4fad3b5b8a5e4947d246f1df06d","Sprint 189 ??? Alert Capability Context Navigation Decoupling (MASTER SSOT LEVEL 4)"
"sprint-190-dynamic-module-one-shot-navigation-consumption.md","5616","106","4162c70af911c9d524c980fdfbd5064e34970955086137abd3c4d2302657bc76","Sprint 190 ??? Dynamic Module One-Shot Navigation Consumption (MASTER SSOT LEVEL 4)"
"sprint-191-alert-capability-operational-navigation-state-audit.md","8241","119","695e54a7a950f9181c35c361f5413be1dc21046592600d44cc218cb1101d5550","Sprint 191 ??? Alert Capability Operational Navigation State Audit (MASTER SSOT LEVEL 4)"
"sprint-193-dashboard-alert-runtime-performance-audit.md","11862","148","c65beb6f68eba90b49582f6dee4203190262f01c17f3d1a6c9c73c736edf5331","Sprint 193 ??? Dashboard Alert Runtime Performance Audit & Immediate Consumption Certification (MASTER SSOT LEVEL 4)"
"sprint-194-dashboard-runtime-shared-data-consolidation.md","11898","172","af983efad508ac929ee5308cd4dd418b901c16a86b9bbf3aeaefe9c5ffa043e7","Sprint 194 ??? Dashboard Runtime Shared Data Consolidation (MASTER SSOT LEVEL 4)"
"sprint-195-dashboard-runtime-query-consolidation.md","4990","85","a6d5a9588cca6b747912af9af91d4de0574a7f3ca612597cc8a45f817b1ccb57","Sprint 195 ??? Dashboard Runtime Query Consolidation (MASTER SSOT LEVEL 4)"
"sprint-196-alert-capability-configuration-model-audit.md","12199","183","4c778cfb2ecba3760e583569abb3844c82655798b326023e168e0908fa96a66f","Sprint 196 ??? Alert Capability Configuration Model Audit (MASTER SSOT LEVEL 4)"
"sprint-197-alert-configuration-metadata-foundation.md","5484","76","1dc7c8d0b514d569d0c355f9d1c1f30fc96e44d5ba33808dd2ee9feabf0eaec2","Sprint 197 ??? Alert Configuration Metadata Foundation (MASTER SSOT LEVEL 4)"
"sprint-198-alert-configuration-runtime-integration.md","5025","65","11c3e127640015dc5e2ab67b0f4ee45b24f3666dc2e467030e1066e948d3ac25","Sprint 198 ??? Alert Configuration Runtime Integration Refinement (MASTER SSOT LEVEL 4)"
"sprint-198R-alert-configuration-runtime-hardening.md","4687","55","337c3dcd89e17534af1de38a4f312363d5c2b9f1c2c5f400034c917898a8de62","Sprint 198.R ??? Alert Configuration Runtime Hardening & Contract Stabilization (MASTER SSOT LEVEL 4)"
"sprint-198R2-alert-configuration-boundary-certification.md","4666","71","a1ea7e528ac0c399e11fef40da2507855e96e3ac3eb42861c6971831b403dabf","Sprint 198.R2 ??? Alert Configuration Boundary Certification (MASTER SSOT LEVEL 4)"
"sprint-198R3-alert-evaluation-extension-point-certification.md","3929","97","266d481b26e718b2c7f63a56b3e2cbfa6f285932026d4522e646287df9e0476b","Sprint 198.R3 ??? Alert Evaluation Extension Point Certification (MASTER SSOT LEVEL 4)"
"sprint-198R4-alert-runtime-evaluation-contract-certification.md","5107","147","1c5e3fb75b576326ec92596fa87d570ca1824a9339b0781c7c5ee39912c4f958","Sprint 198.R4 ??? Alert Runtime ??? Evaluation Contract Certification (MASTER SSOT LEVEL 4)"
"sprint-198R5-alert-evaluation-strategy-certification.md","4894","144","13c79223fd7dc95fb80401a2ebe2ab445a226bce733f07ba52f3dfb298f78c9b","Sprint 198.R5 ??? Alert Evaluation Strategy Model Certification (MASTER SSOT LEVEL 4)"
"sprint-199-alert-evaluation-engine.md","5210","104","acf0bcbba8d9fbce6b75c6b30b480b543c6f989d815b698ad3226f4d09141353","Sprint 199 ??? Alert Evaluation Engine Implementation (MASTER SSOT LEVEL 4)"
"sprint-199R-alert-evaluation-policy-layer.md","3298","86","b0b4aad56a4c230051c7837778898b43f5a6e1efabe9066e087befbba990fae1","Sprint 199.R ??? Alert Evaluation Policy Layer Refinement (MASTER SSOT LEVEL 4)"
"sprint-199R2-alert-evaluation-pipeline-certification.md","4840","104","28bad4b6f6d792fcf4473589a0fd0e8e51cedf3aa573940ad315be15e7ea9124","Sprint 199.R2 ??? Alert Evaluation Pipeline Final Certification (MASTER SSOT LEVEL 4)"
"sprint-199R3-alert-capability-boundary-certification.md","4106","86","d9f2addd74d7cf1e719481fbe9ea28995023d864dbabcc58c6014587834f8497","Sprint 199.R3 ??? Alert Capability Integration Boundary Certification (MASTER SSOT LEVEL 4)"
"sprint-200-consumption-layer-integration.md","5898","88","45cf111b1f5f9a984a36a54e55b8fb2c3ec254404236d7320127c7c9949a3edd","Sprint 200 ??? Alert Consumption Layer Integration Certification (LEVEL 5)"
"sprint-201-alert-configuration-operational-experience.md","7203","104","c2374b99a7b64c12390a3599244238c9106206a85a3f4c15fb24c932fa7913e8","Sprint 201 ??? Alert Configuration Operational Experience (LEVEL 5)"
"sprint-201R-operational-experience-hardening.md","6946","114","6483ef12dc8229ab70311d89deb403e1059a2ac523673a7f476f95043adcf160","Sprint 201.R ??? Alert Configuration Operational Experience Hardening (LEVEL 5)"
"sprint-201R2-alert-configuration-persistence-boundary-certification.md","4386","103","ba5ced241e282d4b45d6fe01db066712fc70fa049fafab87cd9880d42d82aec2","Sprint 201.R2 ??? Alert Configuration Operational Experience Final Hardening & Port Certification (LEVEL 5)"
"sprint-201R3-alert-operational-experience-architecture-freeze-certification.md","5515","108","bf6fed43b0e902fb45f74e4d62bc36639f192e3eeb7b4405b3a5924e772bd31a","Sprint 201.R3 ??? Alert Configuration Operational Experience Architecture Freeze (LEVEL 5)"
"sprint-202-alert-runtime-configuration-wiring-integration.md","3896","72","70c73ef5d3dd951bbb1df2fc2983f15954be063294ebd02deac74f63d8b58238","Sprint 202 ??? Alert Runtime Configuration Wiring Integration (LEVEL 5)"
"sprint-202R-runtime-wiring-boundary-certification.md","2717","70","4a77f85ea8f00b98ae6860ae760c73dd763c8084d2041b10deafd203e0dfcd5c","Sprint 202.R ??? Runtime Wiring Boundary Certification (MASTER SSOT LEVEL 5)"
"sprint-202R2-runtime-wiring-architecture-freeze-certification.md","2318","79","51e11388ed191cf5d55513d480ca3b98462919d396160e4d73a28a637ddb84dd","Sprint 202.R2 ??? Runtime Wiring Architecture Freeze (MASTER SSOT LEVEL 5)"
"sprint-203-runtime-activation-integration.md","4701","172","6a0a5d9fad8b6165c9d99fc015f75c7cbee38c016ccfb1aaf44fc21502c57746","Sprint 203 ??? Runtime Activation Integration (MASTER SSOT LEVEL 5)"
"sprint-204-workspace-runtime-integration.md","4266","106","c577bceebb4dfc8f6526a3b66260580fa850c7daaa8e9df1dc5731700ec31014","Sprint 204 ??? Alert Workspace Runtime Integration (MASTER SSOT LEVEL 5)"
"sprint-204R-workspace-runtime-hardening.md","4151","109","ae51a92123b55e9581385094eb3b6aa6377c5a4002ab488778382d7e894e8f04","Sprint 204.R ??? Workspace Runtime Integration Hardening (MASTER SSOT LEVEL 5)"
"sprint-205-dashboard-runtime-integration.md","5821","156","8ba5c65d5204f2ac0665d881c9521bb1dc2c53a772b572bcfe8f892c5effbebd","Sprint 205 ??? Alert Dashboard Runtime Integration (MASTER SSOT LEVEL 5)"
"sprint-206-notification-activation.md","6149","143","2ccaca5a794ed1e1274c686f3501c9822a589e9066016c6858e0cc9cc61302a7","Sprint 206 ??? Alert Notification Activation (MASTER SSOT LEVEL 5)"
"sprint-207-lifecycle-persistence-integration.md","7365","201","84a9fe9ff86d8d3bb9803252c4d36c3a5c22b73a9cb0bf6a089a1685f4b0f31d","Sprint 207 ??? Alert Lifecycle Persistence Integration (MASTER SSOT LEVEL 5)"
"sprint-208-operational-actions-integration.md","7251","175","21cb5265fbafad95a3c6961cdebd31311c15beaaf83ba69a0328c7329bfefe16","Sprint 208 ??? Alert Operational Actions Integration (MASTER SSOT LEVEL 5)"
"sprint-209-persistence-dashboard-audit.md","17373","221","96afe54453c4964a3d69b44d90599bf4a38c7648fed897bc20a79fcc7f93afc0","Sprint 209 ??? Alert Runtime Persistence & Dashboard Integration Audit (MASTER SSOT LEVEL 5)"
"sprint-210-runtime-integration-remediation.md","7199","92","06dffa4310f54dcdfe8cb6b061de8d7bbdbb41b79872dc061c17795b78553f06","SPRINT 210 ??? Runtime Integration Remediation (MASTER SSOT LEVEL 5)"
"sprint-211-explicit-alert-enrollment.md","7221","149","2894f0e5092631f412d6cb30a7df9b68b0facca6fbefb2698fa702785f3b4c38","SPRINT 211 ??? Explicit Alert Enrollment (MASTER SSOT LEVEL 5)"
"sprint-212-dashboard-ux-consolidation.md","15788","268","bb69c3ab4d90482d4059d78db23426b8cbc89c6244fa7588b55006bf9a63ea98","SPRINT 212 ??? Dashboard Architecture Audit & UX Consolidation (MASTER SSOT LEVEL 5)"
"sprint-213-dashboard-ux-refactoring.md","6464","110","7bdbb40d2d6976019975e4d7d7e427b2c476b83e738e103460d670e3a02e1741","SPRINT 213 ??? Dashboard UX Refactoring & Operational Presentation Implementation (MASTER SSOT LEVEL 5)"
"sprint-214-dashboard-default-collapsed.md","4142","86","087d334fdbc490ff2b9602bbb80fdf48ba095e067a5230880faee05f7f93b0c9","SPRINT 214 ??? Dashboard Default Collapsed Behavior Refinement (MASTER SSOT LEVEL 5)"
"sprint-215-dashboard-search-architecture.md","8086","167","84795edde9aa2a2dd0c1ff744e9815f23314f5b78f573e2cd6d8d1e36401be01","SPRINT 215 ??? Dashboard Search Architecture Audit & Local Search Model (MASTER SSOT LEVEL 5)"
"sprint-216-dashboard-search-ownership.md","5593","106","f702499b763f3ab59180aee1802f5c34adf9c927e687e0f71f2e47c26ddf3107","SPRINT 216 ??? Dashboard Search Ownership Boundary Resolution (MASTER SSOT LEVEL 5)"
"sprint-217-dashboard-provider-integration-audit.md","7845","131","c7e662faca8f3c570a56bcec9177a95ff1c1a2e7cc405f3a605adc6f7d890028","SPRINT 217 ??? Dashboard Search Provider Integration Audit & Ownership Validation (MASTER SSOT LEVEL 5)"
"sprint-218-dashboard-search-consumer-extraction.md","2925","58","9d520c8a1299ce74f2d671742cb3b308e8ec3dcb8436f5bfef159a0ab94f6b3e","Sprint 218 ??? Dashboard Search Consumer Extraction ?? React Context Compliance"
"sprint-219-dashboard-local-search-implementation.md","3444","67","f24ee869c2a4645d68593052d653c9f6efe288d78d43b43e6ee48d48ae8be9cf","Sprint 219 ??? Dashboard Local Search Implementation & Operational Navigation"
"sprint-220-dashboard-search-results-navigation.md","2701","53","fb1b7a3fdc251fbe50bb103c87bf4b72e4921f29e5de36a4c89e53458e431b0b","Sprint 220 ??? Dashboard Search Results & Navigation Refinement"
"sprint-221-alert-configuration-ux-audit.md","6870","147","bd9a444e0bca4b7cc58f82f620c77bfa56e27d80963277e5b54ca28a7526351f","Sprint 221 ??? Alert Configuration UX Audit & Metadata Simplification Model"
"sprint-222-alert-configuration-ux-refactoring-multi-alert-administration.md","3598","74","8e14c7ed1d22cdcca3fadd83b8bae8ace91bf61fa0aa2590c7c47beb950195fe","Sprint 222 ??? Alert Configuration UX Refactoring & Multi-Alert Administration"
"sprint-223-alert-scheduling-completion-stabilization.md","6064","123","88fbe6a9f47b1045e6245c303c66e4c4ab8883ed53044b3ebd415bf12a8479b7","Sprint 223 ??? Alert Scheduling Completion & Interaction Stabilization"
"sprint-224-alert-scheduling-input-binding-audit.md","4541","97","b901da6ed3e50356a8b44bc0a5aed004f897828da3982a1fab4b545fc68553a1","Sprint 224 ??? Input Binding Audit & Controlled State Validation"
"sprint-226-alert-operational-visualization-audit.md","4798","126","dce7b7d30630f9fc8de7141538e5dfbce9c7792699a2e2fd5b076bb5a72446ee","Sprint 226 ??? Alert Operational Visualization Audit & Multi-Alert Presentation Model"
"sprint-227-alert-collection-administration.md","4867","122","00fd18136c4448bf39fe4fa0faa74e3089c24a0a6c374517994fe445077a16e4","Sprint 227 ??? Alert Collection Administration Model & Presentation Consolidation"
"sprint-228-alert-collection-persistence-operational-read-audit.md","5178","103","eaf381443ccab52b2ff9a2640968fe128a7dc9e21669bf497fc675eadd419f9c","Sprint 228 ??? Alert Collection Persistence Audit & Operational Read Model"
"sprint-229-alert-collection-persistence.md","3915","76","ed677922d4cc41a12c5fd275417f32553d78e732d74a10922a50d3526cdcd044","Sprint 229 ??? Alert Collection Persistence & Metadata Evolution"
"sprint-231-operational-experience-consolidation.md","4909","88","ced7c6dc499a1084a09bf2ad9010393c5d64024076911d7e5f7623dba7ce0beb","Sprint 231 ??? Alert Experience Consolidation Audit & Single Operational Projection"
"sprint-232-alert-experience-unification.md","4936","93","33ef9f618ac916dff329891acc150e158104e442fc43476a20148ca57c82344e","Sprint 232 ??? Alert Experience Unification & Navigation Reuse Certification"
"sprint-233-form-navigation-resolution-audit.md","6258","117","4657077888640cdeb8f49445aaf268f0aadbd1a413b9875fcb524cbfc4d2dcf2","Sprint 233 ??? Form Navigation Resolution Audit & Runtime Route Reuse Certification"
"sprint-234-form-navigation-payload-correction.md","3981","83","f39c3ed1224dab5661c6957c7d76c9c3db8828a9e40d741f1aa19b0f0c5f20a5","Sprint 234 ??? Form Navigation Payload Correction & Runtime Route Compatibility"
"sprint-235-operational-alert-prioritization.md","4526","95","7d5c17c9ce3e35709cb12616aa4f1771ea765f874bce2ee62cf4dbc128d5d36d","Sprint 235 ??? Operational Alert Prioritization & Visual Status Projection"
"sprint-236-operational-time-projection-audit.md","6251","122","9b099cd38aa925292e2bb5183ac55b4f323de44aeb8b7664f80fdc54b3a69a32","Sprint 236 ??? Operational Time Projection Audit & Remaining Time Model Certification"
"sprint-237-operational-temporal-projections.md","5329","87","e800fb81da346065266e02156cc41a6c6f7e94bd18d3dd4b58d553c0f633dfda","Sprint 237 ??? Operational Temporal Projections (read-only ViewModel)"
"sprint-238-operational-time-persistence-audit.md","8403","163","e4162a96456275cfd93d30dcd8ab1369959e489a32017bfda135f4c9f317139d","Sprint 238 ??? Operational Time Persistence Audit & Deterministic Status Projection"
"sprint-239-temporal-anchor-persistence.md","5146","97","55f8676f89f5d8d81ff7934a01f97eae17639beb9eca3ccd202476a0afc86170","Sprint 239 ??? Temporal Anchor Persistence & Operational Countdown Activation"
"sprint-240-operational-status-classification.md","4197","88","dc500026ccf5db830aea0e9f6ea4fabdc23cadaca98779e080eacd6989b853a7","Sprint 240 ??? Operational Status Classification & Visual Severity Model"
"sprint-241-alert-collection-persistence-integrity-audit.md","7611","131","e9c7bd688cc230c94af507e1fe8c6e6c8fe1a73a2b773496f69afab727303105","Sprint 241 ??? Alert Collection Persistence Integrity & Operational Status Audit"
"sprint-242-alert-calidad-write-path-consolidation.md","4262","89","685a7c611e0391fab52f8cae36aaebe15ae3ab62f72e7798f70b8392a9b7e519","Sprint 242 ??? Alert Collection Write Path Consolidation & Single Persistence Certification"
"sprint-243-alert-config-workspace-collapsible.md","3803","71","b9443319af87b17a1df108794a81fc2f049b01d1f615f51cc48a35308b367440","Sprint 243 ??? Alert Configuration Workspace UX Consolidation & Collapsible Collection Navigator"
"sprint-244-alert-selector-active-sync-audit.md","6404","117","551fd1190e6134f68a0c543eece52bba3c22ab55cd6621e5780c2d29f5ca8b72","Sprint 244 ??? Alert Collection Selector State & Active Alert Synchronization Audit"
"sprint-245-alert-selector-interaction-ux-audit.md","5248","104","935de8b6773f2fc11f344dace31e255bf797c78ac54077127c1188f7176c3529","Sprint 245 ??? Alert Collection Selector Interaction Audit & Workspace UX Certification"
"sprint-246-alert-workspace-interaction-flow-audit.md","6317","123","f3be35a232aaa1b6745174910934d1e16047a2ab15847d0ee18d7fc73bd40fca","Sprint 246 ??? Alert Workspace Interaction Flow & Expandable Collection Audit"
"sprint-247-alert-workspace-active-sync-form-remount.md","4493","89","19a27569de119e6da4107622e29de423d946345b9d8044937fe12197b105b5eb","Sprint 247 ??? Alert Workspace Active Context Synchronization & Form Remount Certification"
"sprint-248-alert-workspace-preview-removal.md","4264","70","c0ede59fe92be333d3fba0d7d6e6435049bf0732448e0d9797e8813c08fbb91f","Sprint 248 ??? Alert Workspace Preview Removal & Direct Editing Certification"
"sprint-249-dynamic-forms-workspace-presentation-model-unification.md","8176","124","f055076418450bba96d3924b7dabfca8bf83cbc33d1fd23e98556b8bfd147c2a","Sprint 249 ??? Dynamic Forms Workspace Layout Audit & Presentation Model Unification"
"sprint-250-dynamic-forms-workspace-presentation-unification.md","5444","88","029521b5cb14d1603830907cfe224adba791b2a25ddb3cd3b08476e87e08825c","Sprint 250 ??? Dynamic Forms Workspace Presentation Unification & Modal Reuse Certification"
"sprint-251-configuration-null-state-regression-audit.md","6485","107","50d6f074e91f4c7d7bef5b9bbb0c4d2afe97b04c86a3038ad68b4b16a14dcb1e","Sprint 251 ??? Configuration Workspace Null State Regression Audit & Modal Migration Certification"
"sprint-252-configuration-null-deref-surgical-root-cause.md","5720","98","ef4db11485ee3d3837cf9d2d8072051a0d5b844fa9f6543f69b586d16cb9aeff","Sprint 252 ??? Configuration Null Dereference Surgical Audit & Source-Level Root Cause Certification"
"sprint-253-configuration-null-state-hardening.md","4869","92","031b532d4ba0f2d506329418d87537e56876be3389c7d4999af180d83845a76c","Sprint 253 ??? Configuration Workspace Null State Hardening & Safe Modal Rendering Certification"
"sprint-254-alert-scheduling-lifecycle-audit.md","7863","114","e754c4b16a58e221104cc54b33142f8d81a83e91e7094ed17c69f7c64d8af11c","Sprint 254 ??? Alert Scheduling Lifecycle & Completion State Audit"
"sprint-254-modalshell-react-api-normalization.md","2811","59","acefe6da4304f1c577792bd6ab630eb2fe33d5e770028a366dd4532c614dcefa","Sprint 254 ??? ModalShell React API Normalization & Presentation Layer Hardening"
"sprint-255-alert-occurrence-contract-completion-architecture-audit.md","20224","194","ecbc5c1e2a639eac2d673e47f9518980e730413c1908fcbdcded5b54308ccf85","Sprint 255 ??? Alert Occurrence Contract & Completion Architecture Audit"
"sprint-256-alert-occurrence-contract-lifecycle-design.md","14878","366","02df5df4ed2f55e23683fd2d552a83465d39be38be8a67aebd09abea61e4d836","Sprint 256 ??? Alert Occurrence Contract & Lifecycle Design"
"sprint-256-CERT-alert-occurrence-contract-lifecycle-design-certification.md","13461","210","870c4b8583e6ea12cbf9d0e266ec27c50db198b7c5425e84d966baa4e1570b25","Sprint 256-CERT ??? Alert Occurrence Contract & Lifecycle Design Certification"
"sprint-257-alert-occurrence-contract-lifecycle-implementation.md","4753","58","737d89509752cfc511021117d58b05d60bfc5fe09a020d32bc514989f06ebf76","Sprint 257 ? Alert Occurrence Contract & Lifecycle: Implementation"
"sprint-257-CERT-alert-occurrence-implementation-lifecycle-certification.md","14766","235","ca2c50fb8a5b08605023bc9d4a9ce50253e5d9e75b1993658a9ac2e52e1b6716","Sprint 257-CERT ??? Alert Occurrence Implementation & Lifecycle Certification"
"sprint-257-HF1-alert-occurrence-projection-null-safety-hardening.md","5204","94","83552163d4692fa65e4630fd55af44fb56699c829fc0f1940d24645b38432d09","Sprint 257-HF1 ??? Alert Occurrence Projection Null-Safety & Contract Boundary Hardening"
"sprint-258-alert-configuration-editor-initial-state-temporal-defaults-audit.md","9848","202","acfab9256434cc0af1c7ad4f38c70789bf403cfbd9d2ce60f8fd0599de9810d5","Sprint 258 ??? Alert Configuration Editor Initial State & Temporal Defaults Audit"
"sprint-259-alert-configuration-editor-ux-initialization-temporal-defaults.md","6784","141","e72301579aef7ab83ee361e4baa3b2d8d571c8bea0120be32890da2c3a6c85dd","Sprint 259 ??? Alert Configuration Editor UX Initialization & Temporal Defaults"
"sprint-260-identity-boundary-audit.md","9774","96","3997ca8d49e4226b1c5635e04e2a3a5e106c3b5b26c1263f2619ef923211b6d6","Sprint 260 ??? Auditor??a de Frontera de Identidad: Segunda Alerta en una Misma Recurso (NON-HF; solo auditor??a, sin cambios)"
"sprint-261-alert-multi-config-runtime-enrollment.md","5464","116","2a2825fe126e294ea63e6279252ccfaf0ca7640e981a0ea8be6aa9b5570761c7","Sprint 261 ??? Resoluci??n y Enrollment Multi-Config en el Runtime de Alertas"
"sprint-262-alert-multi-config-runtime-monitoring-identity-projection-audit.md","9298","153","8222bfe79856143c0366bec1e8472aebd924161d07973d83a001c1478a5993fe","Sprint 262 ??? Auditor??a de Identidad y Proyecci??n: Runtime ??? Monitoreo (Multi-Config)"
"sprint-263-alert-config-metadata-roundtrip-preservation.md","8108","129","bc3e5b2d7b1588941e5bef1f8e8f4329869d97a24f00e832d9612e300bb24b8f","Sprint 263 ??? Alert Configuration Metadata Round-Trip Preservation"
"sprint-264-alert-temporal-completion-audit.md","4531","62","867be00ef5ce65bfd381055d46a389f0ef4daf4d237080c49ad4cb53d22412e0","Sprint 264 ??? Auditor??a de Ciclo Temporal, Vencimiento y Cumplimiento de Alertas"
"sprint-265-form-alert-completion-lifecycle-certification.md","6340","105","58dbfb181c79d0527928caac1ced54b08d248fd2e673536a824df9650c9655e5","Sprint 265 ??? Ciclo de Vida de Cumplimiento de Formularios con Alertas"
"sprint-266-multi-alert-completion-identity-audit.md","7086","110","dc0f4070756e574f87c1748a32cead3bfab3c6c932d5e1c128dd5b1d1376aeb8","Sprint 266 ??? Auditor??a de Identidad de Cumplimiento Multi-Alerta (A/B/C)"
"Sprint-268.md","14153","305","b0c8b5df48a8c867287562b06495b12d45e7993b5cf28db57c7162b046744c4b","Sprint 268 ??? Auditor??a, Dise??o y Resoluci??n Determin??stica de Cumplimiento de Alertas"
"sprint-269-operational-experience-and-capability-assignment-integrity-audit.md","19813","254","bc8e7b61fcd7335427932d508c4c99b597bd32d7b1bb0c81fc879a3e411b5b0c","SPRINT 269 ??? Operational Experience & Capability Assignment Integrity Audit"
"sprint-270-capability-persistence-recovery-and-assignment-path-correction.md","5935","117","910a4ec88b810c0960e40426448834d60c3eee05a29135831d321309187c8568","SPRINT 270 ??? Capability Persistence Recovery & Assignment Path Correction"
"Sprint-271.md","8022","158","dc1891b46f9131780dd0bf1ebba3bc10be8a04c4f3494dc69a4fd7d071a731a4","Sprint 271 ??? Eliminaci??n del Write-Path Silencioso de la Configuraci??n de Alertas"
"Sprint-272.md","13274","241","86905c61f3f00da569dc6c25c3a5c82db40b1e89dee0679707c219c7d95f9480","Sprint 272 ??? Auditor??a Forense: Causa Ra??z de la Configuraci??n Din??mica de Alertas"
"Sprint-273.md","16642","271","e052b12a0e00c648d7dc3d40753e069ff8fac697fe51efbc1e089740ea2d257f","Sprint 273 ??? Auditor??a Forense: Bot??n Guardar ??? UI Write-Path de Configuraci??n de Alertas"
"Sprint-274.md","17580","420","91a3225909f3fc261cbbd53f014a24fe471e85fc1cc4efc1f2aee2248f880b8e","Sprint 274 ??? Auditor??a Forense: Estado Inicial y Feedback de Configuraci??n de Alertas"
"Sprint-275.md","9003","208","3f0d03d18893a9019ab3d1e2a73fe7d060c438c1dc14fab0264fe16aa35d298f","Sprint 275 ??? Correcci??n Controlada del Estado Inicial de Nueva Alerta"
"Sprint-276.md","12403","257","e3de143fd83916d6843d03905adcc5be699939844c56796e69872258d12c1a94","Sprint 276 ??? Auditor??a Forense de Regresi??n: Estado Real de Nueva Alerta vs. Correcci??n Sprint 275"
"Sprint-277.md","8982","205","a8e81bdc247b8778a14986f49b29b3fbee41d8291dd053394fe9a0c1571b4e32","Sprint 277 ??? Controlled Correction: Canonical Alert Configuration Default"
"Sprint-278.md","14790","323","39f60c1da055dc541a8b01aab67a19992ce1d8ce63fb6c21dbf6e7d49d9ea195","Sprint 278 ??? Implementation of Compliance Identity & Deterministic Multi-Alert Resolution"
"Sprint-279.md","18577","368","5d59d23b7db4900ae6dc3b03384b915bb1ce4c9efd11c2016bcac92ff98cf715","Sprint 279 ??? Auditor??a y Dise??o de Identidad Multi-Entrada para Cumplimiento de Alertas"
"Sprint-280.md","13315","263","4636c48d0d7210008d9eccf0185493eb01eebb26cae3a879ae37c5b842dd3485","Sprint 280 ??? Implementaci??n de Identidad Multi-Entrada para Cumplimiento de Alertas"
"Sprint-281.md","30914","930","67eb9bded92ebaa0177b6596977b3fdf471f54961e4224a7dc1bca237a97080e","Sprint 281 ??? Auditor??a y Dise??o de Migraci??n de Alertas hacia Recursos Operacionales Reales"
"Sprint-283.md","15275","283","ed341dc30d4979e81e2856fda3c3aa8a42fca261b5c9a427b34ec7374c7cf48b","Sprint 283 ??? Auditor??a de Verificaci??n Post-280: Identidad, Arranque, Consumo y Residencia Documental"
"Sprint-284.md","10607","252","7ee1159b7fc055ac242a4bfd5a54346833f500f4de394ad9c3075bf0b03f66e1","Sprint 284 ??? Canonical Alert Identity & Real Resource Projection Foundation"
"Sprint-285.md","10062","217","f9fc2dff3a7d6aeaf918371c5ad0d2e223d1b97053fa5e47dae42263e3d8c9a5","Sprint 285 ??? Real Resource Alert Consumption / UI Migration"
"Sprint-286.md","11758","255","f040d469e60dafca5be990c83dd1b811209755742968b8fd79464cc094436112","Sprint 286 ??? Form / Repository Alert UI Migration & Presentation Hardening"
"Sprint-288.md","15166","321","51fe2c10f762d112faf3ff4f3a3d1305479decef969b426a62ab5b8199a70cad","Sprint 288 ??? AlertWorkspace Architectural Decision & Orphan Resolution"
"Sprint-289.md","12976","234","cf71edf56540dd74057832b982f25051347c1c96746ddc7fe282d6e742a01fd8","Sprint 289 ??? Dashboard Alert KPI Consolidation & Source Authority Certification"
"Sprint-290.md","13564","227","0c6c218d380c3c29e0e013056b477d4e08fe0ae31f8819cd521d410f9f0788e9","Sprint 290 ??? Alert State Visual Migration to Real Resources"
"Sprint-291.md","11101","222","36c85af1bc9c6102e5d0429e5a174c0fa454128935d4b7fe70c09cbab918d155","Sprint 291 ??? Corrective Alert State Placement & Resource Surface Integration"
"Sprint-292.md","10189","232","2f361ce2b2c001d52b0ee55ee7ee5d24e40682dc45c64aa705831fd7c71c2a34","Sprint 292 ??? Compact Alert State Presentation & Resource Card Refinement"
"Sprint-293.md","22408","366","a6cebed3e32a1297c44aa8158204dda4811b3a59044dd8d2103d3ecfa52540b8","Sprint 293 ??? Category Alert Configuration Authority Audit"
"Sprint-295.md","4330","103","041ddaa3fb565097f6a215cc437e94942f652d3b2f1c5aefcde9232cf2cb05a7","Sprint 295 ??? Unified Alert Resource Presentation Standard"
"Sprint-296.md","9617","182","da91318dbf02352512acc4169828badcfe8703febd88e494d9e107b12a3b8fb1","Sprint 296 ??? Auditor??a forense: Completion & Recurrence de Ocurrencias"
"Sprint-297.md","7058","121","03cafb60460ac5f1f1054a3e2c3ff78acdced308bd278eae354e4171bbe8063b","Sprint 297 ??? Durabilidad del Completion de Ocurrencias (Repository + Category)"
"Sprint-298.md","6562","126","6e1576aed057fad845781c5832af7d90be341a44d5d34d54e2ecd9762a9bfb8d","Sprint 298 ??? Recurrencia Calendario-Aware (Meses / A??os) + Ancla Fecha-Correcta"
"Sprint-299.md","8522","140","54d7981af23517ae29422a71d6efad253b529101569b58650db287b6dc1f0a38","Sprint 299 ??? Forensic Completion Flow & Live Reconciliation Audit"
"Sprint-300.md","8222","116","d90c568b55506caaf3d6bbc9c3762711f27eb57fe06df04cf9ca1e265b005f26","Sprint 300 ??? Live Completion Reconciliation (LCR) Audit + Contingency"
"Sprint-301.md","8349","129","8d5da06a53cb97498055d35acf5b306631655be5bf5f034fe477366bff04190d","Sprint 301 ??? Live Alert Reconciliation & UI State Ownership Certification"
"Sprint-302.md","9407","155","a19480474f431975bcaaa15176341be3fcc57cea6d1b15ef8249aec9136b359b","Sprint 302 ??? Runtime Activation Failure & Completion Boundary Forensic Audit"
"Sprint-304.md","11584","163","0abaddb6c42385c8fa4ce74e89910160534f50a8581aec3dd80e4312bf8fe517","Sprint 304 ??? Live Completion Visual Reconciliation Forensic Audit"
"Sprint-305.md","7872","159","e16be33e635c2ed4dfe8e709fe8796cca4c651290e760158bc7e4f5fe9997d67","Sprint 305 ??? Dynamic Form Module Identity Alignment (Controlled Functional Correction)"
"Sprint-306.md","6733","121","83eb2bef02180fec107cdedb73df52f9d46ceceb85c2bb43546df8b97e5594e6","Sprint 306 ??? Recurrence Window & Completion Persistence Forensic Certification"
"Sprint-307.md","10750","174","533943b09fa3b2ec50ed4a94fc54202df776fc37a762c69e3e86d885fc53337b","Sprint 307 ??? Unified Alert Resource Presentation Certification"
"Sprint-308.md","6776","137","d78294bcb337d7bd7d7de7c4694859d1c1c923503298dc63270af9f6ece695f2","Sprint 308 ??? Unified Alert Metadata Presentation ?? Controlled Correction"
"Sprint-310.md","8958","212","15eb3a002f27858957f427ab432cfb0ba7f84247cf534c15bb07a0dce54e8d83","Sprint 310 ??? Alert Metadata Projection ?? Controlled Correction"
"Sprint-311.md","7184","163","349ce7bc69f0490441bdf0d93597020f6ae529fb893407a96aeb0d80c47ea964","Sprint 311 ??? Unified Alert Metadata Presentation ?? Controlled Correction"
"Sprint-312.md","11256","227","581c7ca87d8d9f84f01a7edd8de0847717686552aca8b418d4456adb98df2ba9","Sprint 312 ??? Alert Completion Persistence & Temporal Visual Semantics ?? Forensic Audit"
"Sprint-313.md","9792","192","6c90d211e55ba71c692c01394f7c252aa9dc433eeadb5c0c4f0f03947f64bec5","Sprint 313 ??? Completed+Next ?? Temporal Urgency ?? Pure Presentation ?? Controlled Correction"
"Sprint-314.md","12862","280","4fa37fcae7b1d08510fbbf30356c5d5d2d1dbc467c6e82dfec2c8cb5d151ef58","Sprint 314 ??? Record Evidence Report ?? Professional Presentation Forensic Audit"
"Sprint-315.md","9525","204","cc2ff6c4a97e23d8097acd962622add14a5905313d95c3050f6eb0ae7c2dd23c","Sprint 315 ??? Evidence Report ?? Professional Renderer ?? Controlled Correction"
"Sprint-316.md","13209","272","bf09c7550d47c38866109838e22bb7f5f6d994215b7f9a8b25040f5b8b179df7","Sprint 316 ??? Advanced Filtering & Record Selection ?? Forensic Architecture Audit"
"Sprint-317.md","6274","106","c4b3bd1c0dff3e5e11ef4a3b7469c221aa75990e6f7b8716d6e012046e8c94c2","Sprint 317 ??? Advanced Filtering + Record Selection ??? Controlled Correction"
"Sprint-318.md","7580","112","6077298ec0c91f8e5410816c9016b9b6029d6109488d2fb20c2f3e03199e7058","Sprint 318 ??? Operational Dispatch Evidence Report ?? Export Architecture Forensic Audit"
"Sprint-319.md","6095","98","46ebed91b644e69154d9d0fb28d7ee84dff6c5ae2219c8153068d0036339b0ce","Sprint 319 ??? Informe de Evidencia de Despachos (Integraci??n Controlada)"
"Sprint-320.md","12021","209","c8fced5446400d16bb0905df0e7b75db2a29284e5534c0b285fe87b92c552f51","Sprint 320 ??? Acciones de Despachos ?? Consolidaci??n de Presentaci??n"
"Sprint-321.md","3571","63","ccc9fe17acad5853f8456b00f70f02c3d5bd558f7c579dcaf203c1be2f2df668","Sprint 321 ??? Operational Status Views & Metrics ?? Controlled Correction"
"Sprint-322.md","7395","118","44bd4615c47976042c4b84e5e3e93da6e2a6acc06ad82e81b0c120002587f796","Sprint 322 ??? Forensic Redundancy Audit ?? Ciclo de Vida del Estado Operacional"
"Sprint-323.md","7231","154","4231ff2287dc0c898bcdda02bb647ab47d93fe2a526b0850960e3567f28ea41e","Sprint 323 ??? Operational Completion Convergence ?? Controlled Migration"
"Sprint-324.md","9608","167","07c56ba772fe2b10715bf8b85150de7ceeeb7c70a320ff8ebbf02f64551ba5c4","Sprint 324 ??? Media Capture & File Optimization ?? Forensic Architecture Audit"
"Sprint-325.md","7526","139","a42497343960948b114e08712519efa4588bf3018be21455935449218ea98c5e","Sprint 325 ??? Controlled Media Processing Integration"
"Sprint-326.md","10851","185","66aaf80eb0ff8deb65165a7f73c505fa686a5cbbcc6baa2bf5c308b76d5217a7","Sprint 326 ??? Document Repository Media Capture ?? Forensic Integration Audit"
"Sprint-327.md","9852","159","bb5bde8c5b32fb1c61fc34e1275a7a75ca379382a9b36dbd9249f8500114aa36","Sprint 327 ??? Document Repository Media Capture ?? Controlled Integration"
"Sprint-328.md","7839","149","15f6a1a52f0b7a77843d2ca938c15964639d5e8a8a4c55652ece61d2fb2dcaf1","Sprint 328 ??? Explicit Field Ordering ?? Controlled Metadata Extension"
"Sprint-329.md","5119","116","8e154adf58b9a7bbf7dc9083c851f03d9955ea37c24abd2b94199601627c3cca","Sprint 329 ??? Field Order Control Placement ?? Controlled UI Refinement"
"Sprint-330.md","8567","180","e132cbf976f8ca4f746108d6a9d63a415c66f035cf09811da73b5578d4f7d995","Sprint 330 ??? Informative Display Field ?? Forensic Architecture Audit"
"Sprint-332.md","9375","134","846292b3eaa694658f8602077835bb1baa739d2620e5cd6063c5b202bfa9f1c5","Sprint 332 ??? Evidence Report Field Projection ?? Forensic Integration Audit"
"Sprint-333.md","12627","227","b347e2a6efffe9cd4db346fb1b97aecd3b1987dc7469fc39d5789a15fe1f82a3","Sprint 333 ??? Evidence Report Field Projection ?? Controlled Correction"
"Sprint-334.md","5788","100","39ef8f3906ce9583ec691bde436c5223778dfaa9ecebd8037ed9b2a696631621","Sprint 334 ??? Evidence Report Informative Section Layout ?? Forensic Presentation Audit"
"Sprint-335.md","4686","84","00e218e434c5bf8203d354ead52e58cad6978cf781e7ace7f3186e102194337f","Sprint 335 ??? Evidence Report Informative Section Spacing ?? Controlled Presentation Correction"
"Sprint-336.md","4632","95","0ffb058d2ead750111f7cbd91e0815f364bc39bbd09889d16f9f8423cb000dac","Sprint 336 ??? Informative Field Runtime Layout ?? Forensic Presentation Audit"
"Sprint-337.md","4484","70","81acee79932404b51c56ccf5df8766e3a3f2d0a455c04a0e6d8847c9e0b7eb15","Sprint 337 ??? Informative Field Runtime Layout ?? Controlled Presentation Correction"
"Sprint-338.md","4557","88","6ce0a657289e7dd809f8b319535a59737f396e3ad43109d072c7edc6690d2b74","Sprint 338 ??? Visual Form Builder Select Field ?? Forensic Architecture Audit"
"Sprint-339.md","4156","68","f40da2c678ce221e9583371d84620a0f85f8c780e73926cc33fc6f26509d0efe","Sprint 339 ??? Visual Form Builder Select Field ?? Controlled Runtime Dispatch Correction"
"Sprint-341.md","6246","93","7b0858ef970ded5e287eccfc0bd3775871231cf87fd7ff8dfcefb2c01206e778","Sprint 341 ??? Alert Recurrence Temporal Engine Forensic Audit"
"Sprint-342.md","5763","96","ba2f90b87c564cb8c9d135b4be25421f87703368bd15843a09dfda7a9e3b3636","Sprint 342 ??? Dispatch Batch Lot Assignment Architecture Audit"
"Sprint-343.md","7284","139","cbe94da4a78dabcc4e16679552673b7ef762036a096a92d5481355d19b6cb2d8","Sprint 343 ??? Dispatch Batch Lot Assignment ?? Controlled Correction"
"Sprint-344.md","6466","260","34171d0116a84193b854ee68d26f63a47fe7c8869eded7d222c13d1a678d61aa",""
"Sprint-346.md","7145","184","33a9f036f6e51f7af779215c703167f01d2018fd23632ea7f1b8d6c5b769f05a","Sprint 346 ??? Alert Tenant-Scoped Persistence & First Completion Controlled Correction"
"Sprint-347.md","7928","203","d8e38f7c84dc9f7577fdd9548d92c6b4d97a29913b8706e1e56ec71c83ac4f17","Sprint 347 ??? Alert Tenant Persistence Integration & Supabase Wiring Forensic Audit"
"Sprint-348.md","6557","188","f8aa1343646c160cf96fc5c6b02755ffcce8fcbf61844b4d05bb5683875befb6","Sprint 348 ??? Alert Tenant Persistence Runtime Wiring & Boot Sequencing Controlled Correction"
"Sprint-350.md","11216","281","bb1c0beacc5530ed1eeeaaf7c24fce002862579df01a55c93adda3216b1ec452","Sprint 350 ??? Alert Persistence Remote Deployment & Environment Parity Forensic Audit"
"Sprint-351.md","6726","218","730284403669bf4314c3dd8ffa6740c244b9ae04943872adf98843fc78a37cdb","Sprint 351 ??? Alert Remote Persistence Environment Configuration Controlled Correction"
"Sprint-355.md","5910","132","e7d81bf687d2144e97251eecd4df11ac7cc8cc91dea2ecb9406014cc201b774e","Sprint 355 ??? Supabase Authentication Endpoint & Deployment Regression Forensic Audit"
"Sprint-356.md","8077","180","3fc93cc8db972b6fec8fafb875d50ef130aeea69506ea00642dc76081b532258","Sprint 356 ??? Remote Authentication Re-Login & GitHub Pages Deployment Forensic Audit"
"Sprint-357.md","7861","222","e6684f93c58776305363d2df4a90e56bd9fc5e8be77652c82f6e5f0e07a0cc44","Sprint 357 ??? Deterministic Published Artifact & GitHub Pages Runtime Forensic Audit"
"Sprint-358.md","5840","226","287e27db0cd6b894b921a83208f87c1af4fe75d75bcc6f97a097a7074f809f2f","Sprint 358 ??? Remote Browser Runtime & Supabase Connectivity Forensic Audit"
"Sprint-359.md","7889","323","6a512bd04a558debc9d8d368a0af8ac6e587a2fdeb1deae71c604873ae433b4b","Sprint 359 ??? Controlled Deployment & Remote Authentication Verification"
"Sprint-360.md","7505","247","192f81b78c1ef7630025fd24c21e9d0b09b65836a72b6834a2b9babae5d033c5","Sprint 360 ??? GitHub Actions Deployment Failure Forensic Audit"
"Sprint-361.md","9072","283","76830eea99f1fa6242de1f56119d36ece56361c31ce2e706919658fa59b31a74","Sprint 361 ??? Controlled GitHub Pages Source Alignment & Deployment Pipeline Correction"
"Sprint-362.md","9501","283","fb8cc5446fa9b3defbf1265c87dbc9721df8830f332efb961ffb2130ccce8151","Sprint 362 ??? Supabase Client Null-State & Authentication Initialization Forensic Audit"
"Sprint-363.md","6877","214","17d5876430129047f9d9f43e857db58d514e601fa95f8094e9bd318be503a22f","Sprint 363 ??? Controlled Authentication Null-Safety Hardening"
"Sprint-364.md","10172","260","e995e827f037815a1ee604393348e6d9de4fd9419ba94cac94ca879fba84040d","Sprint 364 ??? GitHub Actions Supabase Environment Injection & Artifact Configuration Forensic Audit"
"Sprint-365.md","6087","194","0e9798e183fdc4f27379c799aa4e07b21675b0d6efde5e68f1e0e6ce9946a0ea","Sprint 365 ??? Controlled Supabase Environment Injection Correction"
"Sprint-366.md","12240","284","e24da4415cc2f7742e159c886a4671db404e424641be4c331244dbd626f4878d","Sprint 366 ??? GitHub Pages Published Artifact & Supabase Runtime Configuration Forensic Audit"
"Sprint-367.md","5789","193","07d82c42b6d76a3a288a9c76c0d6d551b5058d831536152cd75b59fe5d1dbfc1","Sprint 367 ??? Controlled Secret Scope Alignment"
"Sprint-368.md","7596","163","f82a3baca68450f69a491ba81a1bb288f650eb6ccb9d1d436516eb94bc5ec603","Sprint 368 ??? Post-Correction Forensic Regression Audit"
"Sprint-369.md","6825","213","6fbc24c583db277a185adb1bf6069366072caccc6ae7b74e4a87bc13f673b4cd","Sprint 369 ??? Authentication & Runtime Configuration Final Production Certification"
"Sprint-370.md","15291","432","31dc404f7f06c0753cb3113f66aa7dcaa3a2cd1e54e64d9029188c530b4c91c8","Sprint 370 ??? Forensic Runtime Truth Audit"
"Sprint-371.md","16770","415","c7bad7ac71b661aa554bf403067acfdc5a3c99933e07b9b6c478f042cf94741e","Sprint 371 ??? Historical Regression Bisect Audit"
"Sprint-372.2.md","14159","401","639a1103ca92a7239ebac0dbabc6d4f20bbb076eac7abd7440599f10d392180e","Sprint 372.2 ??? Production Artifact & Secret Injection Forensic Audit"
"Sprint-374.md","7294","263","f44ffd784c25b1ce110c64e63711cc4aa6e21a42a3ecfa7a93e8c9b51ff0caff","Sprint 374 ??? Production Deployment Recovery & Authentication Certification"
"Sprint-376.md","13324","394","5179f7e730cb3980d0dd6131af5a46edcfad7bc9f349d3827e78693a0d405d7e","Sprint 376 ??? Production Baseline & CI/CD Hardening Audit"
"Sprint-377.md","13025","520","526bf9453c794ca5672cf15ca968dc174c3d33f3653ae4a10e991bc3831d96b7","Sprint 377 ??? Development/Staging Architecture & Production Isolation"
"Sprint-378.md","21304","511","c41a1b0c0d7d52b812077e0be7fcea61ba2d25476561e82d3c38b54fb0c10447","Sprint 378 ??? Project Archaeology, Repository Governance & Structural Forensic Audit"
"Sprint-380.md","10372","258","7eb951c8aebd21fcd99df83f31c32ab7e2d340305282d6c84ba848726c68b327","Sprint 380 ??? Historical Knowledge Extraction & Architecture Consolidation"
"Sprint-381.md","16757","313","869bbf8ca7b769a49ffbe31e6dc4d201aea1dabfc7a6e662657469ab733cb5d2","Sprint 381 ??? Current Architecture & Contract Forensic Certification"
"Sprint-382.md","22922","547","15b38acc9c24419174592010071249d020c95444288684cdb2aacbd8c37e5ce1","Sprint 382 ??? Repository Governance & Structural Forensic Organization"
"Sprint-383.md","10659","224","11b5e43380c9ef15a65829fab9045308f259ef220ad0f79126cad3e3fdf170fe","Sprint 383 ??? Professional Project Presentation & Portfolio Readiness"
"Sprint-385.md","15059","917","16a7f3db56f76f28c60fc215093935b3a4f7e65a757b024fd31220d30201e281","Sprint 385 ??? Runtime Integration Verification & Contract Testing"
"Sprint-386.md","16181","414","3af829d5b79917eb3f26231faeb32488b4a2836bae215e14b79e70188f681364","Sprint 386 ??? Testing Infrastructure & Runtime Archaeology ?? Forensic Execution"
"Sprint-386A.md","10552","361","f44d944e5c381dd6944112929ea1f793c15dc4a896c46ffaae64537aaee19619","Sprint 386A ??? Testing Infrastructure Bootstrap ?? Forensic Execution"
"Sprint-387.md","14925","473","22fbb857e594dcbd3dbbfadb5116f84bbee1bde42ad2572718e011b07e696259","Sprint 387 ??? Controlled Runtime Test Implementation ?? Forensic Test Execution"
"Sprint-388.md","15663","467","aca510aed878200343e04e3fe55ac1d18b766314b061093405effb06aa8ff29b","Sprint 388 ??? Controlled React Runtime Test Implementation ?? Integration Phase"
"Sprint-389-Public-Release-Security-Audit.md","22762","546","95c09d625cd55373a2a3c7c0f464b90250bce460b79c1864d4eb8e7f41bf83fa","Sprint 389 ??? Public Release Security & Secret Exposure Audit"
"Sprint-394-Deployment-Compatibility-Audit.md","10197","220","199453dd290b4171b53aff9abfec851453a31dc3cd030009cbdb5dd8bbc133f3","Sprint 394 ??? Deployment Compatibility Audit: GitHub Pages + Vercel"
"sprint-81-editable-form-definition-foundation.md","5992","152","1dfa0153752173808469cfcd65a4bd1dd4b6ffcc9ae04e18f82988746f792773","Sprint 81 ??? Dynamic Forms Visual Builder V2: Editable Form Definition Foundation"
"sprint-82-rule-based-form-classification-engine.md","8645","190","5d33cde94920a2e65abe2261bf6eb99498f9197ba0c359a133d82587d707b139","Sprint 82 ??? Rule-Based Form Classification Engine Certification"
"sprint-83-business-knowledge-classification-engine.md","7992","231","4d2a79237cf60555beac83d8c45b7ff8c07e7420ed1c5cd918b56f08f74e056d","Sprint 83 ??? Business Knowledge Classification Engine"
"sprint-84-document-layout-intelligence-engine.md","9727","264","8a11c931d227e9098a2cb9965e99675d945a842a6dd6e913ecb891aba0b196fe","Sprint 84 ??? Document Layout Intelligence Engine"
"sprint-85-document-section-intelligence-checklist-compliance-engine.md","9128","272","abba79f266183a4ea800189445bbf54e9bb03ac0b9f56377ea6042fedf221feb","Sprint 85 ??? Document Section Intelligence & Checklist Compliance Engine"
"sprint-86-operational-document-pattern-recognition-checklist-compliance-certification.md","11018","341","579f6cd7cc1305199e6503b15bf80139685a8e3926fca7d3dd1ada1bfb9ba7fc","Sprint 86 ??? Operational Document Pattern Recognition & Checklist Compliance Certification"
"sprint-87-checklist-runtime-compliance-workflow-certification.md","8127","265","32853ab0fd92d1de8787ea5027768c4b2f08c19d30763ea7051ab8f0bcb7f174","Sprint 87 ??? Checklist Runtime & Compliance Workflow Certification"
"sprint-88-unified-checklist-workflow-compliance-audit-certification.md","9040","213","24bafa5b666cc0f4a447beb8a9c7be238e0e1ceecbea63c894ddbbc98e93fac2","Sprint 88 ??? Unified Checklist Workflow & Compliance Audit Certification"
"sprint-89-compliance-traceability-audit-pipeline-certification.md","5680","112","fa63710769471f0ade8980fb6e7c31bb312aec8773a10689ab77a17855dd2203","Sprint 89 ??? Compliance Traceability & Audit Pipeline Certification"
"sprint-90-operational-signature-standardization-responsible-party-certification.md","5028","139","a86c8e11e724c430c413c6e98162e6128542d8dedfda684612b216aaa36827eb","Sprint 90 ??? Operational Signature Standardization & Responsible Party Certification"
"sprint-91-administrative-responsive-layout-contract-certification.md","5241","142","86bce537b877ed6b01f4bb16325b7dabea4c598c7f11667b3f92d7192298033a","Sprint 91 ??? Administrative Responsive Layout Contract Certification"
"sprint-92-form-integrity-protection-safe-deletion-certification.md","5796","151","9d770d40916063fb33c7beca4ecadb35a8817e386286ff08720b3912aa82b625","Sprint 92 ??? Form Integrity Protection & Safe Deletion Workflow Certification"
"sprint-93-operational-traceability-experience-certification.md","6803","146","34bc34551a970c92bdfb997237b95c18b0eede6de9445066c28ef1118ad9ae6b","Sprint 91 ??? Operational Traceability Experience & Document Intelligence Certification"
"sprint-94-operational-data-normalization-universal-layer-certification.md","7005","165","31c2f5bb0eadea4e0caedd4991dedca5ec0ff4b5423e7851d347f187ae6b535e","Sprint 94 ??? Operational Experience Data Normalization & Universal Intelligence Layer Certification"
"sprint-95-operational-experience-contract-ssot-certification.md","6082","164","ed9139cd66f9be185b2f619619bd7b4fad0d7515eb709c5aa9362fe6c2c56c11","Sprint 95 ??? Operational Experience Contract SSOT Certification"
"sprint-96-universal-operational-experience-runtime-certification.md","6722","166","ac7bf24c5798e2cbc48a61f233dd13598e536bc114802562c624c332f77a6198","Sprint 96 ??? Universal Operational Experience Runtime Certification"
"sprint-97-universal-operational-import-workflow-certification.md","7530","197","734d07aee467db29ae2ce0d9b5c40789de006de36d62931f6a89231be0d0a9c4","Sprint 97 ??? Universal Operational Experience Import Workflow Certification"
"sprint-98-universal-operational-rules-engine-certification.md","10009","269","47ffe262e7f208b5d5df23910f2be8e2a40bd07fa66e27c851fe5db51c0f7fd9","Sprint 98 ??? Universal Operational Rules Engine Certification"
"sprint-99-universal-operational-audit-layer-certification.md","7358","196","b3184030e978edfb1960e061b0688814df21daf45a8fb52c059300e398a2b6da","Sprint 99 ??? Universal Operational Audit & Traceability Layer Certification"
